id,source_file,work_order,customer_name,entry_date,operator,part_name,start_time,finish_time,process_time,total_time,material,material_size,total_parts,yield_status,scrap_count,defects_count,notes,department,created_at,updated_at
21530,STEELTECH 18938.xlsx,,STEELTECH,2024-04-22,"F,H",ASSEMBLY,10:50:00,11:15:00,,,HDPE BLK,SCRAP,,,,,,,2025-12-23 18:52:36,2025-12-23 18:52:36
21531,STEELTECH 18938.xlsx,,STEELTECH,2024-04-22,"F,H",46,11:20:00,11:27:00,,,HDPE BLK,SCRAP,,,,,,,2025-12-23 18:52:36,2025-12-23 18:52:36
21532,STEELTECH 18938.xlsx,,STEELTECH,2024-04-22,"F,H",45,11:30:00,11:40:00,,,HDPE BLK,SCRAP,,,,,,,2025-12-23 18:52:36,2025-12-23 18:52:36
21533,STEELTECH 18938.xlsx,,STEELTECH,2024-04-22,"F,H",44,12:35:00,12:45:00,,,HDPE BLK,SCRAP,,,,,,,2025-12-23 18:52:36,2025-12-23 18:52:36
24817,IRON WORKS 3870.xlsx,,IRON WORKS,2024-04-23,"F,H",DET 47,02:20:00,03:30:00,,,HDPE,SCRAP,,,,,,,2025-12-23 18:52:47,2025-12-23 18:52:47
24818,IRON WORKS 3870.xlsx,,IRON WORKS,2024-04-23,"F,H",DET 46,,,,,,,,,,,,,2025-12-23 18:52:47,2025-12-23 18:52:47
22568,68409.xlsx,,68409,2024-04-26,"F,H",3628-80C,11:00:00,03:30:00,,,15# XLPE,3x48x98,,24,,,,,2025-12-23 18:52:39,2025-12-23 18:52:39
22873,NOVA 27842.xlsx,,NOVA,2024-04-26,"F,H",C82206,07:30:00,08:45:00,,,BLUE P-CORR,5MMx60x63,3,1,,,,,2025-12-23 18:52:40,2025-12-23 18:52:40
22573,68409.xlsx,,68409,2024-04-29,"F,H",3628-80C,11:30:00,03:00:00,,,15# XLPE,3x48x98,,24,,,,,2025-12-23 18:52:39,2025-12-23 18:52:39
22576,68409.xlsx,,68409,2024-04-30,"F,H",3628-82C,07:30:00,03:30:00,,,15# XLPE,3x48x98,,24,,,,,2025-12-23 18:52:39,2025-12-23 18:52:39
22582,68409.xlsx,,68409,2024-05-01,"F,H",3628-78C,11:30:00,01:45:00,,,15# XLPE,3x48x98,,30,,,,,2025-12-23 18:52:39,2025-12-23 18:52:39
22585,68409.xlsx,,68409,2024-05-01,"F,H",3628-77C,02:15:00,03:30:00,,,15# XLPE,3x48x98,,30,,,,,2025-12-23 18:52:39,2025-12-23 18:52:39
22587,68409.xlsx,,68409,2024-05-02,"F,H",3628-77C,07:30:00,10:15:00,,,15# XLPE,3x48x98,,30,,,,,2025-12-23 18:52:39,2025-12-23 18:52:39
22732,IRON WORKS 4034.xlsx,,IRON WORKS,2024-11-15,"F,H",DET 52 ,09:00:00,09:10:00,,,HDPE,SCRAP,,,,,,,2025-12-23 18:52:40,2025-12-23 18:52:40
22733,IRON WORKS 4034.xlsx,,IRON WORKS,2024-11-15,"F,H",DET 53,09:12:00,09:22:00,,,HDPE,SCRAP,,,,,,,2025-12-23 18:52:40,2025-12-23 18:52:40
22734,IRON WORKS 4034.xlsx,,IRON WORKS,2024-11-15,"F,H",DET 51,09:45:00,11:00:00,,,HDPE,SCRAP,,,,,,,2025-12-23 18:52:40,2025-12-23 18:52:40
24261,IRON WORKS 3997.xlsx,,IRON WORKS,2024-11-21,"F,H",DET 31,07:45:00,02:45:00,,,UHMW,SCRAP,,,,,,,2025-12-23 18:52:44,2025-12-23 18:52:44
23436,PACK IQ PO TV20241030-C1.xlsx,TV20241030-C1,PACK IQ,2024-11-22,"F,H",#CAT JQ088,06:15:00,06:45:00,,," 2""  HDPE",SCRAP,,,,,,,2025-12-23 18:52:42,2025-12-23 18:52:42
23437,PACK IQ PO TV20241030-C1.xlsx,TV20241030-C1,PACK IQ,2024-11-22,"F,H",#CAT JQ082,07:00:00,07:40:00,,,HDPE 1.5,SCRAP,,,,,,,2025-12-23 18:52:42,2025-12-23 18:52:42
23602,STEELTECH 19561.xlsx,,STEELTECH,2024-11-22,"F,H",3933-079,01:00:00,01:30:00,,,,,1,,,,,,2025-12-23 18:52:42,2025-12-23 18:52:42
23603,STEELTECH 19561.xlsx,,STEELTECH,2024-11-22,"F,H",3933-170,01:30:00,02:00:00,,,,,1,,,,,,2025-12-23 18:52:42,2025-12-23 18:52:42
20004,JJJ 2968.xlsx,,JJJ,2024-11-27,"F,H",0641-DET 68,11:45:00,02:30:00,,2.0,NAT HDPE,2X48X96,,94,,,,,2025-12-23 18:52:32,2025-12-23 18:52:32
21876,ADAPT A PAK 5757.xlsx,,ADAPT A PAK,2024-12-02,"F,H",44395-2,07:30:00,03:00:00,,6.5,,,,,,,,,2025-12-23 18:52:37,2025-12-23 18:52:37
20159,MATCON 1002330.xlsx,,MATCON,2024-12-03,"F,H",23406-N,12:30:00,12:47:00,,,HDPE,1.25X48X120,,,,,,,2025-12-23 18:52:33,2025-12-23 18:52:33
20160,MATCON 1002330.xlsx,,MATCON,2024-12-03,"F,H",23406-L,12:47:00,01:04:00,,,HDPE,1.25X48X120,,,,,,,2025-12-23 18:52:33,2025-12-23 18:52:33
20161,MATCON 1002330.xlsx,,MATCON,2024-12-03,"F,H",23406-M,01:04:00,01:20:00,,,HDPE,1.25X48X120,,,,,,,2025-12-23 18:52:33,2025-12-23 18:52:33
23102,PIEDMONT 43086388.xlsx,,PIEDMONT,2024-12-03,"F,H",ME-HIS-SHIM,07:30:00,09:15:00,,1.75,   BLK,.125X48X96,,308 PCS.,,,,,2025-12-23 18:52:41,2025-12-23 18:52:41
23103,PIEDMONT 43086388.xlsx,,PIEDMONT,2024-12-03,"F,H",ME-HIS-SHIM,01:30:00,03:15:00,,1.5,BLK,.125X48X96,,308 PCS.,,,,,2025-12-23 18:52:41,2025-12-23 18:52:41
24732,DMC 26570.xlsx,,DMC,2024-12-03,"F,H",C82475,09:30:00,10:10:00,,,UHMW,SCRAP,,,,,,,2025-12-23 18:52:46,2025-12-23 18:52:46
24733,DMC 26570.xlsx,,DMC,2024-12-03,"F,H",C82474,10:45:00,11:10:00,,,UHMW,SCRAP,,,,,,,2025-12-23 18:52:46,2025-12-23 18:52:46
23104,PIEDMONT 43086388.xlsx,,PIEDMONT,2024-12-04,"F,H",ME-HIS-SHIM,07:30:00,09:30:00,,2.0,BLK,.125X48X96,,308 PCS.,,,,,2025-12-23 18:52:41,2025-12-23 18:52:41
21979,STEELTECH 19611.xlsx,,STEELTECH,2024-12-05,"F,H",ITEM38,08:00:00,08:15:00,,0.25,PCORR,4M48X96,,2,,,,,2025-12-23 18:52:38,2025-12-23 18:52:38
21543,RICHFIELD 60615.xlsx,,RICHFIELD,2024-12-06,"F,H",15472 DET 53,10:30:00,03:15:00,,4.0,NAT UHMW,,,,,,,,2025-12-23 18:52:36,2025-12-23 18:52:36
23620,Bertec 018094.xlsx,,Bertec,2024-12-09,"F,H",02P-15882,08:00:00,08:45:00,,,,,,,,,,,2025-12-23 18:52:42,2025-12-23 18:52:42
25323,IZA 4942-5.xlsx,,IZA,2024-12-11,"F,H",DET 22,01:45:00,03:15:00,,1.25,NAT UHMW,.50X48X120,,20 PCS.,,,,,2025-12-23 18:52:48,2025-12-23 18:52:48
25324,IZA 4942-5.xlsx,,IZA,2024-12-12,"F,H",DET 22,08:15:00,03:00:00,,5.75,NAT UHMW,.50X48X120,,20 PCS.,,,,,2025-12-23 18:52:48,2025-12-23 18:52:48
25327,IZA 4942-5.xlsx,,IZA,2024-12-13,"F,H",DET 25,08:00:00,03:15:00,,6.25,NAT UHMW,.50X48X120,,56,,,,,2025-12-23 18:52:48,2025-12-23 18:52:48
25329,IZA 4942-5.xlsx,,IZA,2024-12-16,"F,H",DET 22,08:00:00,03:15:00,,6.25,NAT UHMW,.50X48X120,,20 PCS.,,,,,2025-12-23 18:52:48,2025-12-23 18:52:48
25330,IZA 4942-5.xlsx,,IZA,2024-12-17,"F,H",DET 22,07:30:00,11:00:00,,3.25,NAT UHMW,.50X48X120,,20 PCS.,,,,,2025-12-23 18:52:48,2025-12-23 18:52:48
25947,STEPHEN GOULD 54601.xlsx,,STEPHEN GOULD,2024-12-17,"F,H",LOWER PROF A,09:00:00,03:30:00,,5.5,,,16,,,,,,2025-12-23 18:52:50,2025-12-23 18:52:50
25948,STEPHEN GOULD 54601.xlsx,,STEPHEN GOULD,2024-12-18,"F,H",LOWER PROF A,07:30:00,11:00:00,,3.25,,,,,,,,,2025-12-23 18:52:50,2025-12-23 18:52:50
21548,RICHFIELD 60615.xlsx,,RICHFIELD,2024-12-20,"F,H",15472 DET 53,08:15:00,11:15:00,,2.75,NAT UHMW,,,,,,,,2025-12-23 18:52:36,2025-12-23 18:52:36
21550,RICHFIELD 60615.xlsx,,RICHFIELD,2024-12-23,"F,H",15472 DET 53,07:30:00,03:15:00,,6.75,NAT UHMW,,,,,,,,2025-12-23 18:52:36,2025-12-23 18:52:36
21553,RICHFIELD 60615.xlsx,,RICHFIELD,2024-12-27,"F,H",15472 DET 55,07:30:00,03:15:00,,6.75,,,,,,,,,2025-12-23 18:52:36,2025-12-23 18:52:36
21554,RICHFIELD 60615.xlsx,,RICHFIELD,2024-12-30,"F,H",15472 DET 55,07:30:00,09:30:00,,2.0,,,,,,,,,2025-12-23 18:52:36,2025-12-23 18:52:36
25221,AOC 38309.xlsx,,AOC,2024-12-30,"F,H",W13542,10:45:00,03:15:00,,,,,,,,,,,2025-12-23 18:52:48,2025-12-23 18:52:48
25223,AOC 38309.xlsx,,AOC,2024-12-31,"F,H",W13542,07:30:00,03:20:00,,,,,,,,,,,2025-12-23 18:52:48,2025-12-23 18:52:48
25226,AOC 38309.xlsx,,AOC,2025-01-02,"F,H",W13542,07:00:00,02:45:00,,,,,,,,,,,2025-12-23 18:52:48,2025-12-23 18:52:48
25302,STEELTECH 19662.xlsx,,STEELTECH,2025-01-03,"F,H",C83028,08:45:00,11:15:00,,2.25,BLK HDPE,.25X48X96,,20 PCS.,,,,,2025-12-23 18:52:48,2025-12-23 18:52:48
25303,STEELTECH 19662.xlsx,,STEELTECH,2025-01-03,"F,H",C83029,11:20:00,02:20:00,,2.25,BLK HDPE,.25X48X96,,20 PCS.,,,,,2025-12-23 18:52:48,2025-12-23 18:52:48
22167,MATCON PO 1002351.xlsx,1002351,MATCON,2025-01-07,"F,H","K,1",07:30:00,10:15:00,,2.75,UHMW NAT,"1""X48X96",,"3 PCS,",,,,,2025-12-23 18:52:38,2025-12-23 18:52:38
22168,MATCON PO 1002351.xlsx,1002351,MATCON,2025-01-07,"F,H","J,1",10:30:00,12:00:00,,1.5,UHMW NAT,"1""X48X96",,"3 PCS,",,,,,2025-12-23 18:52:38,2025-12-23 18:52:38
25482,AMI 19109.xlsx,,AMI,2025-01-07,"F,H",DET 57,01:00:00,02:45:00,,1.5,,,,,,,,,2025-12-23 18:52:49,2025-12-23 18:52:49
25483,AMI 19109.xlsx,,AMI,2025-01-08,"F,H",DET 57,08:45:00,09:45:00,,1.0,,,,,,,,,2025-12-23 18:52:49,2025-12-23 18:52:49
25485,AMI 19109.xlsx,,AMI,2025-01-08,"F,H",DET 77,10:00:00,01:30:00,,3.0,,,,,,,,,2025-12-23 18:52:49,2025-12-23 18:52:49
22652,RICHFIELD 60908.xlsx,,RICHFIELD,2025-01-09,"F,H",C82511,10:45:00,11:00:00,,0.25,P-COOR,4MMX48X96,,8,,,,,2025-12-23 18:52:39,2025-12-23 18:52:39
22653,RICHFIELD 60908.xlsx,,RICHFIELD,2025-01-09,"F,H",C82510,11:10:00,11:30:00,,0.25,P-COOR,4MMX48X96,,7,,,,,2025-12-23 18:52:39,2025-12-23 18:52:39
22654,RICHFIELD 60908.xlsx,,RICHFIELD,2025-01-09,"F,H",C82509,11:45:00,12:45:00,,0.5,P-COOR,4MMX48X96,,2,,,,,2025-12-23 18:52:39,2025-12-23 18:52:39
22655,RICHFIELD 60908.xlsx,,RICHFIELD,2025-01-09,"F,H",C82513,01:00:00,02:45:00,,1.5,P-COOR,4MMX48X96,,1,,,,,2025-12-23 18:52:39,2025-12-23 18:52:39
22657,RICHFIELD 60908.xlsx,,RICHFIELD,2025-01-09,"F,H",C82512,02:50:00,03:15:00,,0.5,,4MMX48X96,,1,,,,,2025-12-23 18:52:39,2025-12-23 18:52:39
22659,RICHFIELD 60908.xlsx,,RICHFIELD,2025-01-10,"F,H",C85512,07:00:00,08:00:00,,1.0,,4MMX48X96,,1,,,,,2025-12-23 18:52:39,2025-12-23 18:52:39
25786,DIAMOND 406553.xlsx,,DIAMOND,2025-01-20,"F,H",C82319,08:45:00,03:20:00,,5.75,P-CORR,5MM48X96,,2 PCS.,,,,,2025-12-23 18:52:49,2025-12-23 18:52:49
25791,DIAMOND 406553.xlsx,,DIAMOND,2025-01-21,"F,H",C82319,07:30:00,02:00:00,,5.5,P-CORR,5MM48X96,,2 PCS.,,,,,2025-12-23 18:52:49,2025-12-23 18:52:49
24373,GEM IL 400008.xlsx,,GEM IL,2025-01-22,"F,H",C82522,11:30:00,01:00:00,,1.0,UHMW,SCRAP,,,,,,,2025-12-23 18:52:44,2025-12-23 18:52:44
24374,GEM IL 400008.xlsx,,GEM IL,2025-01-22,"F,H",C82523,01:15:00,01:53:00,,0.75,UHMW,SCRAP,,,,,,,2025-12-23 18:52:44,2025-12-23 18:52:44
24375,GEM IL 400008.xlsx,,GEM IL,2025-01-22,"F,H",C82524,02:30:00,03:00:00,,0.5,UHMW,SCRAP,,,,,,,2025-12-23 18:52:44,2025-12-23 18:52:44
25797,DIAMOND 406553.xlsx,,DIAMOND,2025-01-22,"F,H",C82319,07:30:00,08:45:00,,1.25,P-CORR,5MM48X96,,2 PCS.,,,,,2025-12-23 18:52:49,2025-12-23 18:52:49
24376,GEM IL 400008.xlsx,,GEM IL,2025-01-23,"F,H",C82525,08:00:00,08:40:00,,0.75,UHMW,SCRAP,,,,,,,2025-12-23 18:52:44,2025-12-23 18:52:44
24377,GEM IL 400008.xlsx,,GEM IL,2025-01-23,"F,H",C82526,09:15:00,10:35:00,,1.0,UHMW,SCRAP,,,,,,,2025-12-23 18:52:44,2025-12-23 18:52:44
24378,GEM IL 400008.xlsx,,GEM IL,2025-01-23,"F,H",C82527,10:45:00,11:55:00,,1.25,UHMW,SCRAP,,,,,,,2025-12-23 18:52:44,2025-12-23 18:52:44
22620,Richfield 60725.xlsx,,Richfield,2025-01-24,"F,H",15514 DET 52,07:30:00,03:15:00,,,,,,,,,,,2025-12-23 18:52:39,2025-12-23 18:52:39
22622,Richfield 60725.xlsx,,Richfield,2025-01-27,"F,H",15514 DET 52,08:30:00,03:15:00,,,,,,,,,,,2025-12-23 18:52:39,2025-12-23 18:52:39
22689,NOVA 28113.xlsx,,NOVA,2025-01-27,"F,H",C82536,07:30:00,08:15:00,,,HDPE,.125X48X96,,10 PCS.,,,,,2025-12-23 18:52:40,2025-12-23 18:52:40
22623,Richfield 60725.xlsx,,Richfield,2025-01-28,"F,H",15514 DET 52,08:00:00,09:15:00,,,,,,,,,,,2025-12-23 18:52:39,2025-12-23 18:52:39
22730,MATCON 1002374.xlsx,,MATCON,2025-01-28,"F,H",C82171,11:30:00,03:00:00,,2.75,HDPE 1.25,SCRAP,,,,,,,2025-12-23 18:52:40,2025-12-23 18:52:40
20654,VCI MI100090.xlsx,,VCI MI100090,2025-01-30,"F,H",C82537,10:15:00,03:30:00,,4.5,NAT HDPE,SCRAP,9,,,,,,2025-12-23 18:52:34,2025-12-23 18:52:34
19345,RICHFIELD 60982.xlsx,,RICHFIELD,2025-01-31,FH,DET 59,03:00:00,03:15:00,,0.25,NAT HDPE,SCRAP,11,SCRAP,1,,,,2025-12-23 18:52:30,2025-12-23 18:52:30
19346,RICHFIELD 60982.xlsx,,RICHFIELD,2025-01-31,FH,DET 48,03:15:00,03:30:00,,0.25,NAT HDPE,,11,SCRAP,1,,,,2025-12-23 18:52:30,2025-12-23 18:52:30
21006,CURBELL 4500558571.xlsx,,CURBELL,2025-01-31,"F,H",C82504,12:45:00,01:45:00,,,UHMW .250,SCRAP BLK,,,,,,,2025-12-23 18:52:35,2025-12-23 18:52:35
25181,VCI 100106.xlsx,,VCI,2025-01-31,"F,H",C82559,10:30:00,10:40:00,,,HDPE 1.25,SCRAP  BLK,,,,,,,2025-12-23 18:52:48,2025-12-23 18:52:48
25182,VCI 100106.xlsx,,VCI,2025-01-31,"F,H",C82560,10:50:00,11:20:00,,,"HDPE 1""",SCRAP  BLK,,,,,,,2025-12-23 18:52:48,2025-12-23 18:52:48
21342,GEM IL400061.xlsx,,GEM IL400061,2025-02-03,"F,H",C82542,12:45:00,03:15:00,,,HDPE WHITE,SCRAP,,,,,,,2025-12-23 18:52:36,2025-12-23 18:52:36
22869,STEELTECH 200046.xlsx,,STEELTECH,2025-02-03,"F,H",C82568,11:00:00,11:15:00,,,.25 HDPE BLK,SCRAP,,,,,,,2025-12-23 18:52:40,2025-12-23 18:52:40
22870,STEELTECH 200046.xlsx,,STEELTECH,2025-02-03,"F,H",C82567,11:20:00,11:35:00,,,.25 HDPE BLK,SCRAP,,,,,,,2025-12-23 18:52:40,2025-12-23 18:52:40
21343,GEM IL400061.xlsx,,GEM IL400061,2025-02-04,"F,H",C82542,07:45:00,08:15:00,,,,SCRAP,,,,,,,2025-12-23 18:52:36,2025-12-23 18:52:36
25462,MATCON 1002406.xlsx,,MATCON,2025-02-04,"F,H",C82556,08:45:00,09:10:00,,,HDPE .25,SCRAP,,,,,,,2025-12-23 18:52:48,2025-12-23 18:52:48
25463,MATCON 1002406.xlsx,,MATCON,2025-02-04,"F,H",C82557,09:20:00,10:15:00,,,"UHMW 1""",SCRAP,,,,,,,2025-12-23 18:52:48,2025-12-23 18:52:48
25464,MATCON 1002406.xlsx,,MATCON,2025-02-04,"F,H",C82558,10:45:00,11:55:00,,,"HDPE 3""",SCRAP,,,,,,,2025-12-23 18:52:48,2025-12-23 18:52:48
24477,GEM IL400116.xlsx,,GEM IL400116,2025-02-05,"F,H",C82571,11:00:00,11:10:00,,,.25 HDPE,SCRAP,,,,,,,2025-12-23 18:52:46,2025-12-23 18:52:46
24478,GEM IL400116.xlsx,,GEM IL400116,2025-02-05,"F,H",C82572,11:15:00,11:55:00,,,.50 HDPE,SCRAP,,,,,,,2025-12-23 18:52:46,2025-12-23 18:52:46
24479,GEM IL400116.xlsx,,GEM IL400116,2025-02-05,"F,H",C82573,12:35:00,12:50:00,,,.50 HDPE,SCRAP,,,,,,,2025-12-23 18:52:46,2025-12-23 18:52:46
24480,GEM IL400116.xlsx,,GEM IL400116,2025-02-05,"F,H",C82576,01:00:00,01:06:00,,,.50 HDPE,SCRAP,,,,,,,2025-12-23 18:52:46,2025-12-23 18:52:46
24481,GEM IL400116.xlsx,,GEM IL400116,2025-02-05,"F,H",C82577,01:06:00,01:12:00,,,.50 HDPE,SCRAP,,,,,,,2025-12-23 18:52:46,2025-12-23 18:52:46
24482,GEM IL400116.xlsx,,GEM IL400116,2025-02-05,"F,H",C82579,01:15:00,01:25:00,,,.750 HDPE,SCRAP,,,,,,,2025-12-23 18:52:46,2025-12-23 18:52:46
24484,GEM IL400116.xlsx,,GEM IL400116,2025-02-05,"F,H",C82578,02:20:00,02:30:00,,,1.5 HDPE,SCRAP,,,,,,,2025-12-23 18:52:46,2025-12-23 18:52:46
21350,GEM IL400061.xlsx,,GEM IL400061,2025-02-06,"F,H",IMD468570-7,11:45:00,03:15:00,,,,SCRAP,,,,,,,2025-12-23 18:52:36,2025-12-23 18:52:36
24485,GEM IL400116.xlsx,,GEM IL400116,2025-02-06,"F,H",C82570,09:00:00,09:30:00,,,"3"" HDPE",SCRAP,,,,,,,2025-12-23 18:52:46,2025-12-23 18:52:46
24486,GEM IL400116.xlsx,,GEM IL400116,2025-02-06,"F,H",C82575,09:40:00,10:15:00,,,1.75 UHMW,SCRAP,,,,,,,2025-12-23 18:52:46,2025-12-23 18:52:46
24487,GEM IL400116.xlsx,,GEM IL400116,2025-02-06,"F,H",C82574,10:40:00,11:00:00,,,1.75 UHMW,,,,,,,,2025-12-23 18:52:46,2025-12-23 18:52:46
21352,GEM IL400061.xlsx,,GEM IL400061,2025-02-07,"F,H",IMD468570-7,07:30:00,10:00:00,,,,SCRAP,,,,,,,2025-12-23 18:52:36,2025-12-23 18:52:36
23864,JJJ 3003.xlsx,,JJJ,2025-02-10,"F,H",C81965 - ROUTERS,12:45:00,03:15:00,,3.25,8#,1.625X48X96,6,3 PCS.,,,,,2025-12-23 18:52:43,2025-12-23 18:52:43
23869,JJJ 3003.xlsx,,JJJ,2025-02-11,"F,H",C81965 - ROUTERS,07:30:00,03:00:00,,6.5,8#,1.625X48X96,28,3,,,,,2025-12-23 18:52:43,2025-12-23 18:52:43
23871,JJJ 3003.xlsx,,JJJ,2025-02-12,"F,H",C81965 - ROUTERS,08:30:00,03:15:00,,5.75,8#,1.625X48X96,26,3,,,,,2025-12-23 18:52:43,2025-12-23 18:52:43
23876,JJJ 3003.xlsx,,JJJ,2025-02-13,"F,H",C81965 - ROUTERS,07:30:00,03:25:00,,6.92,8 #,1.625X48X96,40,,,,,,2025-12-23 18:52:43,2025-12-23 18:52:43
23879,JJJ 3003.xlsx,,JJJ,2025-02-14,"F,H",C81965 - ROUTERS,11:20:00,03:15:00,,3.17,8#,,15,,,,,,2025-12-23 18:52:43,2025-12-23 18:52:43
25682,MATCON 1002410.xlsx,,MATCON,2025-02-14,"F,H",22849-C,08:00:00,08:35:00,,0.5,,,,,,,,,2025-12-23 18:52:49,2025-12-23 18:52:49
25683,MATCON 1002410.xlsx,,MATCON,2025-02-14,"F,H",22849-C,08:35:00,09:05:00,,0.5,,,,,,,,,2025-12-23 18:52:49,2025-12-23 18:52:49
19472,STEELTECH 200074.xlsx,,STEELTECH,2025-02-17,"F,H",C83028,08:45:00,01:35:00,,4.08,HDPE BLK,.250X48X96,,20 PCS.,,,,,2025-12-23 18:52:31,2025-12-23 18:52:31
19473,STEELTECH 200074.xlsx,,STEELTECH,2025-02-17,"F,H",C83029,01:48:00,03:15:00,,1.2,HDPE BLK,.250X48X96,,20 PCS.,,,,,2025-12-23 18:52:31,2025-12-23 18:52:31
19474,STEELTECH 200074.xlsx,,STEELTECH,2025-02-18,"F,H",C83029,07:00:00,10:05:00,,3.08,HDPE BLK,.25X48X96,,20 PCDS.,,,,,2025-12-23 18:52:31,2025-12-23 18:52:31
19478,STEELTECH 200074.xlsx,,STEELTECH,2025-02-18,"F,H",C83031,10:45:00,11:15:00,,0.5,HDPE BLK,.375X48X96,,114 PCS.,,,,,2025-12-23 18:52:31,2025-12-23 18:52:31
19479,STEELTECH 200074.xlsx,,STEELTECH,2025-02-18,"F,H",C83031,12:35:00,02:20:00,,1.5,HDPE BLK,.375X48X96,,114 PCS.,,,,,2025-12-23 18:52:31,2025-12-23 18:52:31
22482,AMI 19138.xlsx,,AMI,2025-02-19,"F,H",C82598,07:00:00,07:15:00,,,.750 UHMW,SCRAP,,,,,,,2025-12-23 18:52:39,2025-12-23 18:52:39
22483,AMI 19138.xlsx,,AMI,2025-02-19,"F,H",C82599,08:30:00,08:45:00,,,.750 UHMW,SCRAP,,,,,,,2025-12-23 18:52:39,2025-12-23 18:52:39
22484,AMI 19138.xlsx,,AMI,2025-02-19,"F,H",C82600,08:45:00,09:00:00,,,.750 UHMW,SCRAP,,,,,,,2025-12-23 18:52:39,2025-12-23 18:52:39
22485,AMI 19138.xlsx,,AMI,2025-02-19,"F,H",C82596,09:05:00,09:18:00,,,.750 UHMW,SCRAP,,,,,,,2025-12-23 18:52:39,2025-12-23 18:52:39
22486,AMI 19138.xlsx,,AMI,2025-02-19,"F,H",C82595,09:20:00,09:33:00,,,.750 UHMW,SCRAP,,,,,,,2025-12-23 18:52:39,2025-12-23 18:52:39
22488,AMI 19138.xlsx,,AMI,2025-02-19,"F,H",C82597,09:40:00,09:50:00,,,.750 UHMW,SCRAP,,,,,,,2025-12-23 18:52:39,2025-12-23 18:52:39
22489,AMI 19138.xlsx,,AMI,2025-02-19,"F,H",C82601,10:00:00,10:35:00,,,"1"" UHMW",SCRAP,,,,,,,2025-12-23 18:52:39,2025-12-23 18:52:39
23897,JJJ 3003.xlsx,,JJJ,2025-02-19,"F,H",C81965 - ROUTERS,11:50:00,03:00:00,,2.42,,1.625X48X96,8,,,,,,2025-12-23 18:52:43,2025-12-23 18:52:43
23905,JJJ 3003.xlsx,,JJJ,2025-02-20,F.H,C81965 - ROUTERS,07:00:00,04:00:00,,8.0,,1.625X48X96,41,,,,,,2025-12-23 18:52:43,2025-12-23 18:52:43
23913,JJJ 3003.xlsx,,JJJ,2025-02-21,"F,H",C81965 - ROUTERS,06:45:00,03:45:00,,8.0,,1.625X48X96,42, ,,,,,2025-12-23 18:52:43,2025-12-23 18:52:43
20916,VCI 300058.xlsx,,VCI,2025-02-24,"F,H",C82603,07:45:00,08:45:00,,,"2"" HDPE BLK",SCRAP,,,,,,,2025-12-23 18:52:35,2025-12-23 18:52:35
22031,Diamond 406633.xlsx,,Diamond,2025-02-24,"F,H",C82605,09:45:00,11:15:00,,1.25,HDPE WHITE,.50X48X96,,18 PCS.,,,,,2025-12-23 18:52:38,2025-12-23 18:52:38
23919,JJJ 3003.xlsx,,JJJ,2025-02-24,"F,H",C81965 - ROUTERS,11:50:00,03:55:00,,3.33,,1.625X48X96,15,,,,,,2025-12-23 18:52:43,2025-12-23 18:52:43
22054,CMG 5424.xlsx,,CMG,2025-02-25,"F,H",C82113,11:10:00,03:15:00,,3.33,HDPE WHITE,1.75X48X96,,16 PCS.,,,,,2025-12-23 18:52:38,2025-12-23 18:52:38
23931,JJJ 3003.xlsx,,JJJ,2025-02-26,"F,H",C81965 - ROUTERS,12:40:00,03:45:00,,2.83,,1.625X48X96,15,,,,,,2025-12-23 18:52:43,2025-12-23 18:52:43
19165,Richfield 61311.xlsx,,Richfield,2025-02-27,"F,H",C82607,08:45:00,09:45:00,,1.0,HDPE BLK,SCRAP,,,,,,,2025-12-23 18:52:30,2025-12-23 18:52:30
23936,JJJ 3003.xlsx,,JJJ,2025-02-27,"F,H",C81966 - ROUTERS,10:35:00,03:45:00,,4.42,,1.625X48X96,22,,,,,,2025-12-23 18:52:43,2025-12-23 18:52:43
23036,Diamond 406606.xlsx,,Diamond,2025-02-28,"F,H",C82609,08:15:00,09:00:00,,0.75,HDPE WHITE,.250X48X96,,2 PCS.,,,,,2025-12-23 18:52:40,2025-12-23 18:52:40
23037,Diamond 406606.xlsx,,Diamond,2025-02-28,"F,H",C82609,10:00:00,02:00:00,,3.25,HDPE WHITE,.250X48X96,,2 PCS.,,,,,2025-12-23 18:52:40,2025-12-23 18:52:40
23950,JJJ 3003.xlsx,,JJJ,2025-03-03,"F,H",C81966 - ROUTERS,08:30:00,03:45:00,,6.25,,1.625X48X96,36,,,,,,2025-12-23 18:52:43,2025-12-23 18:52:43
23956,JJJ 3003.xlsx,,JJJ,2025-03-04,"F,H",C81966 - ROUTERS,06:30:00,12:40:00,,5.42,,1.625X48X96,24,,,,,,2025-12-23 18:52:43,2025-12-23 18:52:43
23961,JJJ 3003.xlsx,,JJJ,2025-03-04,"F,H",C81965 - ROUTERS,12:40:00,02:55:00,,2.0,,,12,,,,,,2025-12-23 18:52:43,2025-12-23 18:52:43
23968,JJJ 3003.xlsx,,JJJ,2025-03-05,"F,H",C81965 - ROUTERS,07:30:00,11:30:00,,3.75,,1.625X48X96,13,,,,,,2025-12-23 18:52:43,2025-12-23 18:52:43
24845,Matcon MFG PO1002455.xlsx,1002455,Matcon MFG,2025-03-05,"F,H",C82610,11:50:00,01:00:00,,,1.50 HDPE,SCRAP,,,,,,,2025-12-23 18:52:47,2025-12-23 18:52:47
23972,JJJ 3003.xlsx,,JJJ,2025-03-06,"F,H",C81965 - ROUTERS,08:45:00,12:00:00,,3.0,,1.625X48X96,12,,,,,,2025-12-23 18:52:43,2025-12-23 18:52:43
23322,Stephen Gould PO 62945.xlsx,62945,Stephen Gould,2025-03-07,"F,H",C82336,01:30:00,03:30:00,,1.75,BLACK HDPE,.50X48X96,,35,,,,,2025-12-23 18:52:41,2025-12-23 18:52:41
21454,STEELTECH PO 200150.xlsx,200150,STEELTECH,2025-03-10,"F,H",C82611,02:34:00,02:50:00,,0.27,HDPE BLK,.750X48X96,,27,,,,,2025-12-23 18:52:36,2025-12-23 18:52:36
23325,Stephen Gould PO 62945.xlsx,62945,Stephen Gould,2025-03-10,"F,H",C82336,07:30:00,11:00:00,,3.25,BLACK HDPE,.50X48X96,,35,,,,,2025-12-23 18:52:41,2025-12-23 18:52:41
23326,Stephen Gould PO 62945.xlsx,62945,Stephen Gould,2025-03-10,"F,H",C82332,11:48:00,12:53:00,,0.58,BLACK HDPE,SCRAP,,,,,,,2025-12-23 18:52:41,2025-12-23 18:52:41
24670,DMC PO 26731.xlsx,26731,DMC,2025-03-10,"F,H",C82618,01:00:00,01:50:00,,,.375 HDPE,SCRAP,,,,,,,2025-12-23 18:52:46,2025-12-23 18:52:46
24671,DMC PO 26731.xlsx,26731,DMC,2025-03-10,"F,H",C82619,03:10:00,03:35:00,,,.50 HDPE,SCRAP,,,,,,,2025-12-23 18:52:46,2025-12-23 18:52:46
21937,Richfield PO 61224.xlsx,61224,Richfield,2025-03-11,"F,H",C82371,09:45:00,10:45:00,,,,,,,,,,,2025-12-23 18:52:37,2025-12-23 18:52:37
21938,Richfield PO 61224.xlsx,61224,Richfield,2025-03-11,"F,H",C82372,11:00:00,01:40:00,,,,,,,,,,,2025-12-23 18:52:37,2025-12-23 18:52:37
23584,WRMG PO LRD2273.xlsx,LRD2273,WRMG,2025-03-11,FH,388014E,02:45:00,03:00:00,,,BLK HDPE,SCRAP,10,SCRAP,1,,,,2025-12-23 18:52:42,2025-12-23 18:52:42
22762,Richfield PO 61397.xlsx,61397,Richfield,2025-03-12,"F,H",15557 DET S2B3,,11:10:00,,4.58,NAT HDPE,1.00X48X96,,61,,,,,2025-12-23 18:52:40,2025-12-23 18:52:40
22763,Richfield PO 61397.xlsx,61397,Richfield,2025-03-12,"F,H",15557 DET S2C2,,01:50:00,,1.0,NAT HDPE,1.00X48X96,,61,,,,,2025-12-23 18:52:40,2025-12-23 18:52:40
22766,Richfield PO 61397.xlsx,61397,Richfield,2025-03-12,"F,H",15557 DET S2B2,,03:30:00,,1.42,NAT HDPE,1.00X48X96,,62,,,,,2025-12-23 18:52:40,2025-12-23 18:52:40
19576,Richfield PO 61444.xlsx,61444,Richfield,2025-03-13,"F,H",DET 59 RT,01:00:00,01:20:00,,20.0,.250 UHMW ,SCRAP,,,,,,,2025-12-23 18:52:31,2025-12-23 18:52:31
19577,Richfield PO 61444.xlsx,61444,Richfield,2025-03-13,"F,H",DET 48 RT,01:30:00,02:00:00,,30.0,.250 UHMW ,SCRAP,,,,,,,2025-12-23 18:52:31,2025-12-23 18:52:31
20549,Richfield PO 61432.xlsx,61432,Richfield,2025-03-13,"F,H",DET 46,10:00:00,10:15:00,,15.0,BLSCK PCORR,5MMX48X96,5,1,,,,,2025-12-23 18:52:33,2025-12-23 18:52:33
22292,Richfield PO 61394.xlsx,61394,Richfield,2025-03-13,"F,H",C82630,08:45:00,09:45:00,,60.0,.75 HDPE BLK,.750X48X96,,40,,,,,2025-12-23 18:52:39,2025-12-23 18:52:39
24523,Morrison Industries PO PO1788.xlsx,PO1788,Morrison Industries,2025-03-18,"F,H",C82620 - RT,07:45:00,03:50:00,,7.08,NAT HDPE,.750X48X96,,25,,,,,2025-12-23 18:52:46,2025-12-23 18:52:46
24528,Morrison Industries PO PO1788.xlsx,PO1788,Morrison Industries,2025-03-19,"F,H",C82620 - RT,07:30:00,03:48:00,,7.3,NAT HDPE,.750X48X96,,25,,,,,2025-12-23 18:52:46,2025-12-23 18:52:46
24529,Morrison Industries PO PO1788.xlsx,PO1788,Morrison Industries,2025-03-20,"F,H",C82620 - RT,07:00:00,01:25:00,,5.42,NAT HDPE,.750X48X96,,25,,,,,2025-12-23 18:52:46,2025-12-23 18:52:46
24537,Morrison Industries PO PO1788.xlsx,PO1788,Morrison Industries,2025-03-20,"F,H",C82621 - RT,01:45:00,03:20:00,,1.28,NAT HDPE,.750X48X96,,27,,,,,2025-12-23 18:52:46,2025-12-23 18:52:46
20714,IZA PO 5287-10.xlsx,5287-10,IZA,2025-03-21,F.H,5287-DET 09 RT,12:45:00,03:15:00,,2.25,NAT HDEPE,.750X48X96,,9,,,,,2025-12-23 18:52:34,2025-12-23 18:52:34
24541,Morrison Industries PO PO1788.xlsx,PO1788,Morrison Industries,2025-03-21,"F,H",C82621 - RT,07:45:00,08:40:00,,0.92,NAT HDPE,0.75X48X96,,27,,,,,2025-12-23 18:52:46,2025-12-23 18:52:46
24699,CMG PO 5433.xlsx,5433,CMG,2025-03-21,"F,H",DET-50,09:00:00,11:00:00,,105.0,HDPE BLK,.50X48X96,,10,,,,,2025-12-23 18:52:46,2025-12-23 18:52:46
20722,IZA PO 5287-10.xlsx,5287-10,IZA,2025-03-24,F.H,5287-DET 09 RT,09:00:00,03:20:00,,5.33,NAT HDEPE,.750X48X96,,9,,,,,2025-12-23 18:52:34,2025-12-23 18:52:34
21501,VCI PO 300134.xlsx,300134,VCI,2025-03-24,"F,H",C82639,12:35:00,01:30:00,,,HDPE BLK,.250X48X96,,1,,,,,2025-12-23 18:52:36,2025-12-23 18:52:36
19975,COF PO 32534.xlsx,32534,COF,2025-03-25,"F,H",ITEM 55,01:15:00,03:00:00,,90.0,"3"" HDPE",SCRAP,,,,,,,2025-12-23 18:52:32,2025-12-23 18:52:32
20729,IZA PO 5287-10.xlsx,5287-10,IZA,2025-03-25,"F,H",5287-DET 09 RT,07:25:00,09:45:00,,2.33,NAT HDEPE,.750X48X96,,9,,,,,2025-12-23 18:52:34,2025-12-23 18:52:34
24999,Pack IQ PO ML031425-B1.xlsx,ML031425-B1,Pack IQ,2025-03-25,"F,H",C82641,10:50:00,11:10:00,,20.0,HDPE BLK,.250X48X96,,2,,,,,2025-12-23 18:52:47,2025-12-23 18:52:47
19976,COF PO 32534.xlsx,32534,COF,2025-03-26,"F,H",ITEM 55,06:45:00,07:10:00,,25.0,"3"" HDPE",SCRAP,,,,,,,2025-12-23 18:52:32,2025-12-23 18:52:32
24664,Nova PO 28169.xlsx,28169,Nova,2025-03-26,"F,H",C82645,09:15:00,11:15:00,,,P-CORR,SCRAP,,,,,,,2025-12-23 18:52:46,2025-12-23 18:52:46
24665,Nova PO 28169.xlsx,28169,Nova,2025-03-26,"F,H",C82646,11:30:00,11:45:00,,,P-CORR,SCRAP,,,,,,,2025-12-23 18:52:46,2025-12-23 18:52:46
24666,Nova PO 28169.xlsx,28169,Nova,2025-03-26,"F,H",C82644,11:50:00,12:00:00,,,P-CORR,SCRAP,,,,,,,2025-12-23 18:52:46,2025-12-23 18:52:46
20734,IZA PO 5287-10.xlsx,5287-10,IZA,2025-03-28,F.H,5287-DET 10 RT,12:35:00,03:30:00,,2.67,NAT HDEPE,.750X48X96,,9,,,,,2025-12-23 18:52:34,2025-12-23 18:52:34
19351,Pack IQ PO TV20240808-O1r1-14.xlsx,TV20240808-O1r1-14,Pack IQ,2025-03-31,"F,H",C82243,09:30:00,10:50:00,,65.0,P-CORR,5MMX48X96,,3,,,,,2025-12-23 18:52:30,2025-12-23 18:52:30
19352,Pack IQ PO TV20240808-O1r1-14.xlsx,TV20240808-O1r1-14,Pack IQ,2025-03-31,"F,H",TV-0033-05,11:45:00,02:35:00,,125.0,P-CORR,5MMX48X96,,2,,,,,2025-12-23 18:52:30,2025-12-23 18:52:30
20229,CIT PO 120512.xlsx,120512,CIT,2025-04-01,"F,H",72211-67,09:00:00,03:00:00,,,P-CORR,5MM48X96,,,,,,,2025-12-23 18:52:33,2025-12-23 18:52:33
19067,Keystone PO 2756.xlsx,2756,Keystone,2025-04-02,"F,H",CONTOUR,09:30:00,10:10:00,,,,,,,,,,,2025-12-23 18:52:30,2025-12-23 18:52:30
24689,Arrow PO 238856.xlsx,238856,Arrow,2025-04-02,"F,H",9482,01:30:00,01:50:00,,,BLK PE,,,,,,,,2025-12-23 18:52:46,2025-12-23 18:52:46
22089,Pack IQ PO ML072424-A7-5.xlsx,ML072424-A7-5,Pack IQ,2025-04-04,"F,H",ML-1116-64,12:00:00,03:10:00,,145.0,NAT UHMW,SCRAP,,,,,,,2025-12-23 18:52:38,2025-12-23 18:52:38
24753,VCI PO 300096.xlsx,300096,VCI,2025-04-08,"F,H",C82679,02:33:00,03:45:00,,72.0,HDPE BLK,.625X48X96,130,329,,,,,2025-12-23 18:52:46,2025-12-23 18:52:46
24754,VCI PO 300096.xlsx,300096,VCI,2025-04-09,"F,H",C82679,07:30:00,08:15:00,,45.0,HDPE BLK,.625X48X96,38,329,,,,,2025-12-23 18:52:46,2025-12-23 18:52:46
22772,Diamond Mfg PO 406744.xlsx,406744,Diamond Mfg,2025-04-10,"F,H",C82688,10:00:00,03:45:00,,285.0,.750 HDPE,SCRAP,40,4 PCS.,,,,,2025-12-23 18:52:40,2025-12-23 18:52:40
22775,Diamond Mfg PO 406744.xlsx,406744,Diamond Mfg,2025-04-11,"F,H",C82689,07:30:00,01:00:00,,285.0,NAT HDPE,SCRAP,96,,,,,,2025-12-23 18:52:40,2025-12-23 18:52:40
22776,Diamond Mfg PO 406744.xlsx,406744,Diamond Mfg,2025-04-11,"F,H",C82690,01:00:00,03:15:00,,120.0,NAT HDPE,SCRAP,56,8 PCS.,,,,,2025-12-23 18:52:40,2025-12-23 18:52:40
20993,Steeltech PO 200259.xlsx,200259,Steeltech,2025-04-14,"F,H",C82700,10:35:00,01:15:00,,,,,,,,,,,2025-12-23 18:52:35,2025-12-23 18:52:35
20994,Steeltech PO 200259.xlsx,200259,Steeltech,2025-04-14,"F,H",C82699,,,,,,,,,,,,,2025-12-23 18:52:35,2025-12-23 18:52:35
22781,Diamond Mfg PO 406744.xlsx,406744,Diamond Mfg,2025-04-14,"F,H",C82690,07:15:00,10:00:00,,165.0,NAT HDPE,SCRAP,55,8 PCS.,,,,,2025-12-23 18:52:40,2025-12-23 18:52:40
22784,Diamond Mfg PO 406744.xlsx,406744,Diamond Mfg,2025-04-14,"F,H",C82690,01:30:00,03:45:00,,120.0,NAT HDPE,SCRAP,40,8 PCS.,,,,,2025-12-23 18:52:40,2025-12-23 18:52:40
22790,Diamond Mfg PO 406744.xlsx,406744,Diamond Mfg,2025-04-15,"F,H",C82688,07:45:00,10:15:00,,150.0,NAT HDPE,SCRAP,40,4 PCS.,,,,,2025-12-23 18:52:40,2025-12-23 18:52:40
24597,Fuyao PO DA065035.xlsx,DA065035,Fuyao,2025-04-15,"F,H",C82673,12:35:00,02:25:00,,,,,,,,,,,2025-12-23 18:52:46,2025-12-23 18:52:46
22798,Diamond Mfg PO 406744.xlsx,406744,Diamond Mfg,2025-04-16,"F,H",C82688,07:15:00,02:30:00,,375.0,NAT HDPE,SCRAP,90,,,,,,2025-12-23 18:52:40,2025-12-23 18:52:40
25826,Aqua Shield PO 5099.xlsx,5099,Aqua Shield,2025-04-17,"F,H",AQUA SHIELD,09:45:00,03:00:00,,,HDPE,.250X48X96,,,,,,,2025-12-23 18:52:50,2025-12-23 18:52:50
24007,Basin-Steeltech PO 200289.xlsx,200289,Basin-Steeltech,2025-04-22,"F,H",C83028,12:45:00,01:50:00,,65.0,BLACK HDPE,0.25X48X96,20,20,,,,,2025-12-23 18:52:43,2025-12-23 18:52:43
25846,Aqua Shield PO 5099.xlsx,5099,Aqua Shield,2025-04-23,"F,H",C82710,03:00:00,03:20:00,,,.250 UHMW,.250 X 48X 96,2,,,,,,2025-12-23 18:52:50,2025-12-23 18:52:50
25850,Aqua Shield PO 5099.xlsx,5099,Aqua Shield,2025-04-24,"F,H",C82712,08:30:00,09:08:00,,,.250 HDPE,SCRAP,,,,,,,2025-12-23 18:52:50,2025-12-23 18:52:50
25851,Aqua Shield PO 5099.xlsx,5099,Aqua Shield,2025-04-24,"F,H",C82711,09:10:00,09:24:00,,,.250 HDPE,SCRAP,,,,,,,2025-12-23 18:52:50,2025-12-23 18:52:50
19526,Polymer Shapes PO DAY-303371.xlsx,lymer,,2025-05-02,"F,H",195628,12:40:00,01:30:00,,40.0,,,,,,,,,2025-12-23 18:52:31,2025-12-23 18:52:31
19527,Polymer Shapes PO DAY-303371.xlsx,lymer,,2025-05-02,"F,H",195628,02:40:00,03:02:00,,22.0,,,,,,,,,2025-12-23 18:52:31,2025-12-23 18:52:31
19529,Polymer Shapes PO DAY-303371.xlsx,lymer,,2025-05-05,"F,H",195628,07:45:00,08:08:00,,23.0,,,,,,,,,2025-12-23 18:52:31,2025-12-23 18:52:31
25284,Opus PO 135183.xlsx,135183,Opus,2025-05-05,"F,H",C82723,09:45:00,11:15:00,,,P-CORR,6MM X 48 X 96,,5 PCS.,,,,,2025-12-23 18:52:48,2025-12-23 18:52:48
25285,Opus PO 135183.xlsx,135183,Opus,2025-05-05,"F,H",C82724,12:35:00,01:25:00,,,P-CORR,SCRAP,,,,,,,2025-12-23 18:52:48,2025-12-23 18:52:48
24046,VCI-SC PO 300183.xlsx,300183,VCI-SC,2025-05-06,"F,H",W12910,02:30:00,03:45:00,,75.0,,,,,,,,,2025-12-23 18:52:43,2025-12-23 18:52:43
25925,TESLA 4701295366.xlsx,,TESLA,2025-05-06,"F,H",BOTTOM PAEL,11:30:00,11:50:00,,,CLEAR ,.125 X48X96,,1,,,,,2025-12-23 18:52:50,2025-12-23 18:52:50
25926,TESLA 4701295366.xlsx,,TESLA,2025-05-06,"F,H",PANEL,12:35:00,12:45:00,,,CLEAR ,.125X48X96,,4,,,,,2025-12-23 18:52:50,2025-12-23 18:52:50
25927,TESLA 4701295366.xlsx,,TESLA,2025-05-06,"F,H",TOP PANEL,12:55:00,01:15:00,,,CLEAR ,.125X48X96,,2,,,,,2025-12-23 18:52:50,2025-12-23 18:52:50
22300,Diamond Mfg of Bluffton PO 406794.xlsx,406794,Diamond Mfg of Bluffton,2025-05-07,"F,H",ITEM 1,11:15:00,11:45:00,,,HDPE  .125,SCRAP,,,,,,,2025-12-23 18:52:39,2025-12-23 18:52:39
22303,Diamond Mfg of Bluffton PO 406794.xlsx,406794,Diamond Mfg of Bluffton,2025-05-07,"F,H",ITEM 65,01:30:00,01:45:00,,,8 MM CRRUGA,,,,,,,,2025-12-23 18:52:39,2025-12-23 18:52:39
24047,VCI-SC PO 300183.xlsx,300183,VCI-SC,2025-05-07,"F,H",W12910,07:00:00,08:00:00,,60.0,,,,,,,,,2025-12-23 18:52:43,2025-12-23 18:52:43
24049,VCI-SC PO 300183.xlsx,300183,VCI-SC,2025-05-07,"F,H",W13912,08:00:00,10:00:00,,120.0,,,,,,,,,2025-12-23 18:52:43,2025-12-23 18:52:43
23573,VCI-SC PO 300184.xlsx,300184,VCI-SC,2025-05-08,"F,H",CONTOUR,07:30:00,11:00:00,,,"6#CHAR,XLPE",5X48X96,,,,,,,2025-12-23 18:52:42,2025-12-23 18:52:42
24961,Pack IQ PO ML120324-B1-3.xlsx,ML120324-B1-3,Pack IQ,2025-05-08,"F,H","C82736,37,29",,03:15:00,,35.0,P-CORR,,5,,,,,,2025-12-23 18:52:47,2025-12-23 18:52:47
22615,Keystone PO 2898.xlsx,2898,Keystone,2025-05-09,"F,H,RC",CAMERA FLOAT,10:06:00,02:00:00,,408.0,,,,,,,,,2025-12-23 18:52:39,2025-12-23 18:52:39
21946,VCI Sample PO MI100442.xlsx,MI100442,VCI Sample,2025-05-12,"F,H",C82745,01:00:00,01:10:00,,,HDPE BLK,,,SCRAP,1,,,,2025-12-23 18:52:37,2025-12-23 18:52:37
19948,Curbell PO 4500569295.xlsx,4500569295,Curbell,2025-05-13,"F,H",C82747,08:00:00,08:08:00,,8.0,HDPE BLK .25,SCRAP,2,,,,,,2025-12-23 18:52:32,2025-12-23 18:52:32
21892,Pack IQ PO ML012125-A1.xlsx,ML012125-A1,Pack IQ,2025-05-13,"F,H",C82744,09:15:00,12:00:00,,150.0,HDPE WHITE,.250 X48X96,,92 PCS.,,,,,2025-12-23 18:52:37,2025-12-23 18:52:37
21682,Basin SC PO 300261.xlsx,300261,Basin SC,2025-05-14,"F,H",C82749,01:15:00,02:30:00,,,"1""HDPE NAT",SCRAP,,,,,,,2025-12-23 18:52:37,2025-12-23 18:52:37
21895,Pack IQ PO ML012125-A1.xlsx,ML012125-A1,Pack IQ,2025-05-16,"F,H",C82740,08:30:00,03:45:00,,375.0,BLUE P-CORR,10MMX48X96,,1,,,,,2025-12-23 18:52:37,2025-12-23 18:52:37
21896,Pack IQ PO ML012125-A1.xlsx,ML012125-A1,Pack IQ,2025-05-16,"F,H",C82740,07:15:00,10:40:00,,205.0,BLUE P-CORR,10MMX48X96,,1,,,,,2025-12-23 18:52:37,2025-12-23 18:52:37
23978,Life model designs PO LMD-04302025.xlsx,LMD-04302025,Life model designs,2025-05-16,"F,H",C82746,01:15:00,02:45:00,,75.0,CLEAR,.250X48X96,,126 PCS.,,,,,2025-12-23 18:52:43,2025-12-23 18:52:43
25856,Aqua Shield PO 5099.xlsx,5099,Aqua Shield,2025-05-16,"F,H",C82712,11:30:00,11:45:00,,,.250 HDPE,SCRAP,,,,,,,2025-12-23 18:52:50,2025-12-23 18:52:50
20027,VCI PO MI100458.xlsx,MI100458,VCI,2025-05-20,"F,H",W13902,01:30:00,03:45:00,,,,,,,,,,,2025-12-23 18:52:32,2025-12-23 18:52:32
23979,Life model designs PO LMD-04302025.xlsx,LMD-04302025,Life model designs,2025-05-20,"F,H",C82746,07:00:00,09:30:00,,150.0,CLEAR,.250X48X96,,126 PCS.,,,,,2025-12-23 18:52:43,2025-12-23 18:52:43
20028,VCI PO MI100458.xlsx,MI100458,VCI,2025-05-21,"F,H",W13902,07:15:00,08:00:00,,,,,,,,,,,2025-12-23 18:52:32,2025-12-23 18:52:32
21900,Pack IQ PO ML012125-A1.xlsx,ML012125-A1,Pack IQ,2025-05-22,"F,H",C82743,01:30:00,03:45:00,,120.0,PLYWOOD,.50X48X96,,,,,,,2025-12-23 18:52:37,2025-12-23 18:52:37
21904,Pack IQ PO ML012125-A1.xlsx,ML012125-A1,Pack IQ,2025-05-23,"F,H",ML-1369,07:00:00,08:24:00,,84.0,PLYWOOD,0.50X48X96,,1,,,,,2025-12-23 18:52:37,2025-12-23 18:52:37
24598,Fuyao PO DA065035.xlsx,DA065035,Fuyao,2025-05-23,"F,H",C 82673,09:30:00,11:15:00,,,,,,TOOK 1 HOUR TO CLEAN PARTS,,,,,2025-12-23 18:52:46,2025-12-23 18:52:46
24769,Matcon MFG PO 1002577.xlsx,1002577,Matcon MFG,2025-05-27,"F,H",23608-A,01:30:00,03:50:00,,125.0,P-CORR BLUE,5MM 48X96,,1,,,,,2025-12-23 18:52:46,2025-12-23 18:52:46
24771,Matcon MFG PO 1002577.xlsx,1002577,Matcon MFG,2025-05-28,"F,H",23608-A,09:00:00,11:00:00,,105.0,P-CORR BLUE,5MM 48X96,,1,,,,,2025-12-23 18:52:46,2025-12-23 18:52:46
24102,Diamond Mfg of Bluffton PO 406836.xlsx,406836,Diamond Mfg of Bluffton,2025-05-29,"Z,F",1708 ZWB B,08:00:00,15:15:00,,375.0,BLACK HDPE,2X48X120,88,,,,,,2025-12-23 18:52:43,2025-12-23 18:52:43
24103,Diamond Mfg of Bluffton PO 406836.xlsx,406836,Diamond Mfg of Bluffton,2025-05-29,F;H,ZWBA,08:45:00,13:00:00,,210.0,BLACK HDPE,2X48X120,56,80,,,,,2025-12-23 18:52:43,2025-12-23 18:52:43
24104,Diamond Mfg of Bluffton PO 406836.xlsx,406836,Diamond Mfg of Bluffton,2025-05-30,"F,H",ZWBA,07:30:00,15:20:00,,410.0,BLACK HDPE,,110,80,,,,,2025-12-23 18:52:43,2025-12-23 18:52:43
20607,Richfield PO 61808.xlsx,61808,Richfield,2025-06-02,"F,H",DET S5K1,09:10:00,10:10:00,,,.125 HDPE BKL,SCRAP,,,,,,,2025-12-23 18:52:34,2025-12-23 18:52:34
24105,Diamond Mfg of Bluffton PO 406836.xlsx,406836,Diamond Mfg of Bluffton,2025-06-02,"F,H",ZWBA,07:15:00,14:00:00,,360.0,BLACK HDPE,,71,80,,,,,2025-12-23 18:52:43,2025-12-23 18:52:43
24107,Diamond Mfg of Bluffton PO 406836.xlsx,406836,Diamond Mfg of Bluffton,2025-06-03,"F,H",ZWBA,07:10:00,15:20:00,,430.0,BLACK HDPE,2X48X120,110,80,,,,,2025-12-23 18:52:43,2025-12-23 18:52:43
24110,Diamond Mfg of Bluffton PO 406836.xlsx,406836,Diamond Mfg of Bluffton,2025-06-04,"F,H",ZWBA,07:15:00,02:45:00,,390.0,BLACK HDPE,2X48X120,88,80,,,,,2025-12-23 18:52:43,2025-12-23 18:52:43
21503,BASIN SC PO 300332.xlsx,300332,BASIN SC,2025-06-05,"F,H",C82765,08:15:00,09:00:00,,,1.5 HDPE,SCRAP,,,,,,,2025-12-23 18:52:36,2025-12-23 18:52:36
21504,BASIN SC PO 300332.xlsx,300332,BASIN SC,2025-06-05,"F,H",C82766,09:45:00,10:15:00,,,HDPE BLK,.750 X 48 X 96,,6,,,,,2025-12-23 18:52:36,2025-12-23 18:52:36
22014,Curbell PO 4500569925.xlsx,4500569925,Curbell,2025-06-05,"F,H",C82503,11:15:00,01:30:00,,105.0,UHMW BLK,.250X48X96,,197,,,,,2025-12-23 18:52:38,2025-12-23 18:52:38
24113,Diamond Mfg of Bluffton PO 406836.xlsx,406836,Diamond Mfg of Bluffton,2025-06-06,"F,H",ZWBA,07:45:00,15:00:00,,435.0,BLACK HDPE,,71,,,,,,2025-12-23 18:52:43,2025-12-23 18:52:43
24115,Diamond Mfg of Bluffton PO 406836.xlsx,406836,Diamond Mfg of Bluffton,2025-06-09,"F,H",ZWBA,01:40:00,03:15:00,,,,,24,,,,,,2025-12-23 18:52:43,2025-12-23 18:52:43
24344,JJJ PO 3061.xlsx,3061,JJJ,2025-06-09,"F,H",DETAIL 28,08:30:00,01:00:00,,225.0,LUMBER,1.50X7.375X96,,2,,,,,2025-12-23 18:52:44,2025-12-23 18:52:44
24119,Diamond Mfg of Bluffton PO 406836.xlsx,406836,Diamond Mfg of Bluffton,2025-06-10,"F,H",ZWBA,07:30:00,08:30:00,,,BLACK HDPE,,15,,,,,,2025-12-23 18:52:43,2025-12-23 18:52:43
24981,DMC PO 26862.xlsx,26862,DMC,2025-06-10,"F,H",C82772,09:45:00,11:05:00,,,UHMW WHITE,1.25X48X96,,288,,,,,2025-12-23 18:52:47,2025-12-23 18:52:47
24982,DMC PO 26862.xlsx,26862,DMC,2025-06-10,"F,H",C82773,11:10:00,11:55:00,,,UHMW WHITE,1.25X48X96,,288,,,,,2025-12-23 18:52:47,2025-12-23 18:52:47
24983,DMC PO 26862.xlsx,26862,DMC,2025-06-10,"F,H",C82774,12:30:00,01:15:00,,,UHMW WHITE,1.25X48X96,,288,,,,,2025-12-23 18:52:47,2025-12-23 18:52:47
24984,DMC PO 26862.xlsx,26862,DMC,2025-06-10,"F,H",C82775,01:15:00,02:00:00,,,UHMW WHITE,1.25X48X96,,288,,,,,2025-12-23 18:52:47,2025-12-23 18:52:47
24985,DMC PO 26862.xlsx,26862,DMC,2025-06-10,"F,H",C82778,02:45:00,03:15:00,,,UHMW WHITE,1.25X48X96,,363,,,,,2025-12-23 18:52:47,2025-12-23 18:52:47
24986,DMC PO 26862.xlsx,26862,DMC,2025-06-11,"F,H",C82778,07:20:00,08:15:00,,,UHMW WHITE,1.25X48X96,,363,,,,,2025-12-23 18:52:47,2025-12-23 18:52:47
20095,Basin SC PO 300342.xlsx,300342,Basin SC,2025-06-12,"F,H",C82783,02:40:00,03:15:00,,35.0,1.5 HDPE,SCRAP,,,,,,,2025-12-23 18:52:33,2025-12-23 18:52:33
24992,DMC PO 26862.xlsx,26862,DMC,2025-06-12,"F,H",C82782,09:30:00,10:50:00,,,HDPE .375,SCRAP,,,,,,,2025-12-23 18:52:47,2025-12-23 18:52:47
19909,Richfield PO 61828.xlsx,61828,Richfield,2025-06-13,"F,H",C82627,07:30:00,07:45:00,,,NAT HDPE,SCRAP,,,,,,,2025-12-23 18:52:32,2025-12-23 18:52:32
19910,Richfield PO 61828.xlsx,61828,Richfield,2025-06-13,"F,H",C82628,08:00:00,08:15:00,,,NAT HDPE,SCRAP,,,,,,,2025-12-23 18:52:32,2025-12-23 18:52:32
20097,Basin SC PO 300342.xlsx,300342,Basin SC,2025-06-13,"F,H",C82784,11:50:00,12:04:00,,14.0,.750 UHMW,SCRAP,,,,,,,2025-12-23 18:52:33,2025-12-23 18:52:33
20341,Corvus PO 2025-0206-A10 RevA.xlsx,2025-0206-A10,Corvus,2025-06-17,"F,H",ARROW,08:00:00,09:00:00,,60.0,4# CHAR XLPE,,,,,,,,2025-12-23 18:52:33,2025-12-23 18:52:33
20342,Corvus PO 2025-0206-A10 RevA.xlsx,2025-0206-A10,Corvus,2025-06-17,"F,H",WEGE,09:15:00,10:15:00,,60.0,4# CHAR XLPE,,,,,,,,2025-12-23 18:52:33,2025-12-23 18:52:33
20343,Corvus PO 2025-0206-A10 RevA.xlsx,2025-0206-A10,Corvus,2025-06-17,"F,H",TRAPEZOID,10:45:00,11:45:00,,60.0,4# CHAR XLPE,,,,,,,,2025-12-23 18:52:33,2025-12-23 18:52:33
20362,Corvus PO 2025-0206-A10 RevA.xlsx,2025-0206-A10,Corvus,2025-06-20,"F,H",WEGE,08:00:00,09:45:00,,,,,,,,,,,2025-12-23 18:52:33,2025-12-23 18:52:33
21588,Basin Steeltech PO 400499.xlsx,400499,Basin Steeltech,2025-06-20,"F,H",C82788,11:00:00,01:00:00,,,,,,,,,,,2025-12-23 18:52:36,2025-12-23 18:52:36
22700,DMC PO 26865.xlsx,26865,DMC,2025-06-20,"F,H",C82782,02:40:00,03:15:00,,,,,,,,,,,2025-12-23 18:52:40,2025-12-23 18:52:40
22702,DMC PO 26865.xlsx,26865,DMC,2025-06-23,"F,H",C82782,07:15:00,09:30:00,,,HDPE WHITE,.375X48X96,,14,,,,,2025-12-23 18:52:40,2025-12-23 18:52:40
24975,Richfield PO 61828 - 2nd run.xlsx,61828,Richfield,2025-06-23,Filiberto,3011_DET_S2B3,14:30:00,15:15:00,,,HDPE,"1""X48X96",,36,,,,Router,2025-12-23 18:52:47,2025-12-23 18:52:47
25490,Matcon MFG PO 1002612.xlsx,1002612,Matcon MFG,2025-06-23,Filiberto,23474-B,11:30:00,12:45:00,,,HDPE,1.25X48X96,18,161,,,,Router,2025-12-23 18:52:49,2025-12-23 18:52:49
21956,BASIN 400539.xlsx,,BASIN,2025-06-24,Filiberto,C82804,11:45:00,12:00:00,,,.375 HDPR,SCRAP,,,,,,Router,2025-12-23 18:52:38,2025-12-23 18:52:38
21957,BASIN 400539.xlsx,,BASIN,2025-06-24,Filiberto,C82802,12:45:00,13:00:00,,,0.75,SCRAP,,,,,,Router,2025-12-23 18:52:38,2025-12-23 18:52:38
21958,BASIN 400539.xlsx,,BASIN,2025-06-24,Filiberto,C82803,13:00:00,13:15:00,,,0.75,SCRAP,,,,,,Router,2025-12-23 18:52:38,2025-12-23 18:52:38
21421,Pack IQ PO ML082024-B5-3.xlsx,ML082024-B5-3,Pack IQ,2025-06-25,"F,H",C82789,07:15:00,03:15:00,,,BLACK UHMW,.50X48X96,,70,,,,,2025-12-23 18:52:36,2025-12-23 18:52:36
21424,Pack IQ PO ML082024-B5-3.xlsx,ML082024-B5-3,Pack IQ,2025-06-26,"F,H",C82789,08:00:00,03:15:00,,,BLACK UHMW,,,70,,,,,2025-12-23 18:52:36,2025-12-23 18:52:36
21426,Pack IQ PO ML082024-B5-3.xlsx,ML082024-B5-3,Pack IQ,2025-06-27,"F,H",C82789,07:30:00,08:30:00,,,BLACK UHMW,.50X48X96,,70,,,,,2025-12-23 18:52:36,2025-12-23 18:52:36
21428,Pack IQ PO ML082024-B5-3.xlsx,ML082024-B5-3,Pack IQ,2025-06-27,"F,H",C82792,08:45:00,11:45:00,,,BLACK UHMW,SCRAP,,5,,,,,2025-12-23 18:52:36,2025-12-23 18:52:36
25783,SDP008.xlsx,,SDP008,2025-06-27,"F,H",C81976,01:00:00,02:00:00,,,.125 BLK,SCRAP,,,,,,,2025-12-23 18:52:49,2025-12-23 18:52:49
22315,Diamond Mfg of Bluffton PO 406794.xlsx,406794,Diamond Mfg of Bluffton,2025-06-30,"F,H",ITEM 65,09:00:00,11:15:00,,,8 MM CRRUGA,,,,,,,,2025-12-23 18:52:39,2025-12-23 18:52:39
23095,Stephen Gould PO 73590.xlsx,73590,Stephen Gould,2025-06-30,Filiberto,C82801,13:30:00,14:00:00,,,1.5 HDPE,SCRAP,,,,,,Router,2025-12-23 18:52:41,2025-12-23 18:52:41
21432,Pack IQ PO ML082024-B5-3.xlsx,ML082024-B5-3,Pack IQ,2025-07-01,"F,H",C82792,11:00:00,02:30:00,,,BLACK UHMW,.50X48X120,,49,,,,,2025-12-23 18:52:36,2025-12-23 18:52:36
23284,Pack IQ PO ML110524-B4-1.xlsx,ML110524-B4-1,Pack IQ,2025-07-01,Filiberto,C82808,09:00:00,10:45:00,,,NAT HDPE,.375X48X96,,135,,,,Router,2025-12-23 18:52:41,2025-12-23 18:52:41
21433,Pack IQ PO ML082024-B5-3.xlsx,ML082024-B5-3,Pack IQ,2025-07-02,"F,H",C82792,07:15:00,09:15:00,,,BLACK UHMW,.50X48X120,,49,,,,,2025-12-23 18:52:36,2025-12-23 18:52:36
23111,Steeltech PO 200543.xlsx,200543,Steeltech,2025-07-02,Filiberto,C82828,10:00:00,10:45:00,,,.50 HDPE,SCRAP BLK,,,,,,Router,2025-12-23 18:52:41,2025-12-23 18:52:41
23112,Steeltech PO 200543.xlsx,200543,Steeltech,2025-07-02,Filiberto,C82829,10:45:00,11:00:00,,,.50 HDPE,SCRAP BLK,,,,,,Router,2025-12-23 18:52:41,2025-12-23 18:52:41
23113,Steeltech PO 200543.xlsx,200543,Steeltech,2025-07-02,Filiberto,C82830,11:15:00,11:30:00,,,.50 HDPE,SCRAP BLK,,,,,,Router,2025-12-23 18:52:41,2025-12-23 18:52:41
23114,Steeltech PO 200543.xlsx,200543,Steeltech,2025-07-02,Filiberto,C82831,11:30:00,11:45:00,,,.50 HDPE,SCRAP BLK,,,,,,Router,2025-12-23 18:52:41,2025-12-23 18:52:41
24509,Matcon MFG PO1002642.xlsx,1002642,Matcon MFG,2025-07-03,Filiberto,22197-A,08:00:00,09:00:00,,,HDPE NAT,SCRAP,,,,,,Router,2025-12-23 18:52:46,2025-12-23 18:52:46
24511,Matcon MFG PO1002642.xlsx,1002642,Matcon MFG,2025-07-03,Filiberto,22197-B,09:30:00,10:30:00,,,HDPE NAT,SCRAP,,,,,,Router,2025-12-23 18:52:46,2025-12-23 18:52:46
24819,Tesla PO 4701364465.xlsx,4701364465,Tesla,2025-07-03,"F,H","C82809,18,20",,11:30:00,,,POLYCARB,.1875X48X96,,,,,,,2025-12-23 18:52:47,2025-12-23 18:52:47
19642,Steeltech PO 400546.xlsx,400546,Steeltech,2025-07-07,Filiberto,C82827,14:30:00,15:15:00,,,NAT HDPE,2X48X96,6,16,,,,Router,2025-12-23 18:52:31,2025-12-23 18:52:31
24820,Tesla PO 4701364465.xlsx,4701364465,Tesla,2025-07-07,"F,H",C82813,07:45:00,08:10:00,,,POLYCARB,.1875X48X96,,2,,,,,2025-12-23 18:52:47,2025-12-23 18:52:47
24821,Tesla PO 4701364465.xlsx,4701364465,Tesla,2025-07-07,"F,H","C82810,14",09:00:00,09:15:00,,,POLYCARB,.1875X48X96,,,,,,,2025-12-23 18:52:47,2025-12-23 18:52:47
24822,Tesla PO 4701364465.xlsx,4701364465,Tesla,2025-07-07,"F,H","C82815,17",09:30:00,10:00:00,,,POLYCARB,.1875X48X96,,,,,,,2025-12-23 18:52:47,2025-12-23 18:52:47
24823,Tesla PO 4701364465.xlsx,4701364465,Tesla,2025-07-07,"F,H",C82811,07:45:00,10:00:00,,,POLYCARB,.1875X48X96,,,,,,,2025-12-23 18:52:47,2025-12-23 18:52:47
24824,Tesla PO 4701364465.xlsx,4701364465,Tesla,2025-07-07,"F,H","C82812,16,20",,11:30:00,,,POLYCARB,.1875X48X96,,,,,,,2025-12-23 18:52:47,2025-12-23 18:52:47
19643,Steeltech PO 400546.xlsx,400546,Steeltech,2025-07-08,Filiberto,C82827,07:30:00,10:30:00,,,NAT HDPE,2X48X96,12,16,,,,Router,2025-12-23 18:52:31,2025-12-23 18:52:31
20321,Pack IQ  PO ML031725-A1.xlsx,ML031725-A1,Pack IQ,2025-07-08,"F,H",W13952,11:30:00,03:15:00,,,,,,,,,,,2025-12-23 18:52:33,2025-12-23 18:52:33
21114,CIT PO 121390.xlsx,121390,CIT,2025-07-08,Filiberto,C82800,11:00:00,11:15:00,,,P-CORR,5MMX48X96,,8,,,,Router,2025-12-23 18:52:35,2025-12-23 18:52:35
20324,Pack IQ  PO ML031725-A1.xlsx,ML031725-A1,Pack IQ,2025-07-09,"F,H",W13951,07:15:00,11:00:00,,,,,39,,,,,,2025-12-23 18:52:33,2025-12-23 18:52:33
20257,ML120324-B1-3 Balance.xlsx,,ML120324-B1-3 Balance,2025-07-11,Filiberto,C82729,08:30:00,15:00:00,,,GRAY CON,3MMX48X96,70,2,,,,Router,2025-12-23 18:52:33,2025-12-23 18:52:33
20258,ML120324-B1-3 Balance.xlsx,,ML120324-B1-3 Balance,2025-07-14,Filiberto,C82729,07:30:00,15:15:00,,,GRAY CON,3MMX48X96,240,2,,,,Router,2025-12-23 18:52:33,2025-12-23 18:52:33
19674,Polymer Shapes PO DAY-313609.xlsx,lymer,,2025-07-15,Filiberto,C82730,12:45:00,15:15:00,,,,,2,,,,,Router,2025-12-23 18:52:31,2025-12-23 18:52:31
20260,ML120324-B1-3 Balance.xlsx,,ML120324-B1-3 Balance,2025-07-15,Filiberto,C82729,07:15:00,07:45:00,,,,3MMX48X96,14,,,,,Router,2025-12-23 18:52:33,2025-12-23 18:52:33
21295,Arrow Container LLC PO 250473.xlsx,250473,Arrow Container LLC,2025-07-16,Filiberto,P503,10:00:00,15:30:00,,,,,270,,,,,Router,2025-12-23 18:52:35,2025-12-23 18:52:35
21296,Arrow Container LLC PO 250473.xlsx,250473,Arrow Container LLC,2025-07-17,Filiberto,P503,07:15:00,07:45:00,,,,,33,,,,,Router,2025-12-23 18:52:35,2025-12-23 18:52:35
24332,Nova 28226.xlsx,,Nova,2025-07-17,"F,H",ITEM 33,01:00:00,01:30:00,,,P-COOR,4MMX48X96,,,,,,,2025-12-23 18:52:44,2025-12-23 18:52:44
24333,Nova 28226.xlsx,,Nova,2025-07-17,"F,H",ITEM 63,01:40:00,02:00:00,,,P-COOR,4MMX48X96,,,,,,,2025-12-23 18:52:44,2025-12-23 18:52:44
20425,Fuyao PO DA068022.xlsx,DA068022,Fuyao,2025-07-21,Filiberto,C82673,07:45:00,11:30:00,,,HDPE,.625X48X96,163,578,,,,Router,2025-12-23 18:52:33,2025-12-23 18:52:33
20426,Fuyao PO DA068022.xlsx,DA068022,Fuyao,2025-07-21,Filiberto,C82673,12:45:00,14:30:00,,,HDPE,.625X48X96,75,578,,,,Router,2025-12-23 18:52:33,2025-12-23 18:52:33
19572,DMC PO 26861.xlsx,26861,DMC,2025-07-23,Filiberto,C82853,10:00:00,11:45:00,,,4MM P-COR,4MMX48X96,68,2,,,,Router,2025-12-23 18:52:31,2025-12-23 18:52:31
20190,Basin Steeltech PO 200626.xlsx,200626,Basin Steeltech,2025-07-24,Filiberto,C82855,12:45:00,13:45:00,,,.375 HDPE,SCRAP BLK,8,,,,,Router,2025-12-23 18:52:33,2025-12-23 18:52:33
20191,Basin Steeltech PO 200626.xlsx,200626,Basin Steeltech,2025-07-24,Filiberto,C82856,14:30:00,14:45:00,,,.375 HDPE,SCRAP BLK,2,,,,,Router,2025-12-23 18:52:33,2025-12-23 18:52:33
20192,Basin Steeltech PO 200626.xlsx,200626,Basin Steeltech,2025-07-24,Filiberto,C82857,14:45:00,15:00:00,,,.375 HDPE,SCRAP BLK,2,,,,,Router,2025-12-23 18:52:33,2025-12-23 18:52:33
21482,Motor city ESSEX PO J1705-4896-0.xlsx,J1705-4896-0,Motor city ESSEX,2025-07-24,Filiberto,DET 45.A,09:00:00,09:30:00,,,,,1,,,,,Router,2025-12-23 18:52:36,2025-12-23 18:52:36
21483,Motor city ESSEX PO J1705-4896-0.xlsx,J1705-4896-0,Motor city ESSEX,2025-07-24,Filiberto,DET 45.A-M,09:45:00,10:00:00,,,,,1,,,,,Router,2025-12-23 18:52:36,2025-12-23 18:52:36
24768,Richfield PO D3175S.xlsx,D3175S,Richfield,2025-07-25,Filiberto,C82854,07:15:00,07:45:00,,,HDPE BLK,SCRAP,8,,,,,Router,2025-12-23 18:52:46,2025-12-23 18:52:46
25890,Diamond Mfg of Bluffton PO 406925.xlsx,406925,Diamond Mfg of Bluffton,2025-07-29,Filiberto,C82838,08:15:00,10:15:00,,,NAT UHMW,1.X48X96,89,238,,,,Router,2025-12-23 18:52:50,2025-12-23 18:52:50
25893,Diamond Mfg of Bluffton PO 406925.xlsx,406925,Diamond Mfg of Bluffton,2025-07-29,Filiberto,C82838,13:45:00,15:15:00,,,NAT UHMW,1.X48X96,64,238,,,,Router,2025-12-23 18:52:50,2025-12-23 18:52:50
25895,Diamond Mfg of Bluffton PO 406925.xlsx,406925,Diamond Mfg of Bluffton,2025-07-30,Filiberto,C82838,07:15:00,15:15:00,,,NAT UHMW,1.X48X96,309,238,,,,Router,2025-12-23 18:52:50,2025-12-23 18:52:50
25861,Richfield PO D2868S.xlsx,D2868S,Richfield,2025-07-31,Filiberto,C83074,14:30:00,14:45:00,,,UHMW,SCRAP,2,,,,,Router,2025-12-23 18:52:50,2025-12-23 18:52:50
25900,Diamond Mfg of Bluffton PO 406925.xlsx,406925,Diamond Mfg of Bluffton,2025-07-31,Filiberto,C82838,07:15:00,11:15:00,,,NAT UHMW,1.X48X96,120,,,,,Router,2025-12-23 18:52:50,2025-12-23 18:52:50
21631,Richfield PO 62130.xlsx,62130,Richfield,2025-08-01,Filiberto,C83065,07:15:00,08:15:00,,,HDPE BLK,SCRAP,9,,,,,Router,2025-12-23 18:52:36,2025-12-23 18:52:36
23760,Ironworks PO 4244.xlsx,4244,Ironworks,2025-08-01,Filiberto,C83073,09:00:00,09:45:00,,,HDPE,"1""X48X96",4,15,,,,Router,2025-12-23 18:52:43,2025-12-23 18:52:43
23761,Ironworks PO 4244.xlsx,4244,Ironworks,2025-08-01,Filiberto,C83072,10:45:00,11:00:00,,,HDPE,"SCRAD  2""",1,,,,,Router,2025-12-23 18:52:43,2025-12-23 18:52:43
23762,Ironworks PO 4244.xlsx,4244,Ironworks,2025-08-01,Filiberto,C83071,11:30:00,13:15:00,,,HDPE,"SCRAD  2""",21,,,,,Router,2025-12-23 18:52:43,2025-12-23 18:52:43
22032,Steeltech PO 200649.xlsx,200649,Steeltech,2025-08-04,Filiberto,C82860,11:30:00,12:00:00,,,HDPE,SCRAP,12,,,,,Router,2025-12-23 18:52:38,2025-12-23 18:52:38
22033,Steeltech PO 200649.xlsx,200649,Steeltech,2025-08-04,Filiberto,C82861,12:45:00,13:15:00,,,HDPE,SCRAP,12,,,,,Router,2025-12-23 18:52:38,2025-12-23 18:52:38
22251,DMC PO # 26965 - FAs (1 Rack Set) .xlsx,26965,DMC,2025-08-04,Filiberto,C83075,07:15:00,07:45:00,,,HDPE,SCRAP,4,,,,,Router,2025-12-23 18:52:38,2025-12-23 18:52:38
22252,DMC PO # 26965 - FAs (1 Rack Set) .xlsx,26965,DMC,2025-08-04,Filiberto,C83076,08:30:00,09:15:00,,,HDPE,SCRAP,12,,,,,Router,2025-12-23 18:52:38,2025-12-23 18:52:38
22253,DMC PO # 26965 - FAs (1 Rack Set) .xlsx,26965,DMC,2025-08-04,Filiberto,C83077,09:45:00,10:15:00,,,HDPE,SCRAP,12,,,,,Router,2025-12-23 18:52:38,2025-12-23 18:52:38
25138,DMC PO 26966.xlsx,26966,DMC,2025-08-04,Filiberto,C82772,14:15:00,15:00:00,,,UHMW,SCRAP,18,,,,,Router,2025-12-23 18:52:48,2025-12-23 18:52:48
22819,Bertec PO 018673.xlsx,018673,Bertec,2025-08-05,Filiberto,C82137,13:15:00,13:45:00,,,HDPE,.125X48X96,6,6,,,,Router,2025-12-23 18:52:40,2025-12-23 18:52:40
22820,Bertec PO 018673.xlsx,018673,Bertec,2025-08-05,Filiberto,P501,13:45:00,15:15:00,,,,,5,,,,,Router,2025-12-23 18:52:40,2025-12-23 18:52:40
25139,DMC PO 26966.xlsx,26966,DMC,2025-08-05,Filiberto,C82775,09:00:00,09:45:00,,,UHMW,SCRAP,18,,,,,Router,2025-12-23 18:52:48,2025-12-23 18:52:48
25140,DMC PO 26966.xlsx,26966,DMC,2025-08-05,Filiberto,C82773,10:00:00,11:15:00,,,UHMW,SCRAP,18,,,,,Router,2025-12-23 18:52:48,2025-12-23 18:52:48
25141,DMC PO 26966.xlsx,26966,DMC,2025-08-05,Filiberto,C82774,11:45:00,13:00:00,,,UHMW,SCRAP,19,,,,,Router,2025-12-23 18:52:48,2025-12-23 18:52:48
22911,Matcon MFG PO 1002697.xlsx,1002697,Matcon MFG,2025-08-06,Filiberto,23407 - A4,11:45:00,14:45:00,,,HDPE,.750X48X96,30,10,,,,Router,2025-12-23 18:52:40,2025-12-23 18:52:40
25928,IZA PO 4928-5.xlsx,4928-5,IZA,2025-08-06,Filiberto,C83079,07:45:00,08:45:00,,,HDPE,SCRAP,13,,,,,Router,2025-12-23 18:52:50,2025-12-23 18:52:50
25929,IZA PO 4928-5.xlsx,4928-5,IZA,2025-08-06,Filiberto,C83080,09:45:00,10:45:00,,,UHMW,SCRAP 1.75,14,,,,,Router,2025-12-23 18:52:50,2025-12-23 18:52:50
22913,Matcon MFG PO 1002697.xlsx,1002697,Matcon MFG,2025-08-07,Filiberto,23407 - D,07:45:00,09:00:00,,,HDPE,.50X48X96,123,408,,,,Router,2025-12-23 18:52:40,2025-12-23 18:52:40
22914,Matcon MFG PO 1002697.xlsx,1002697,Matcon MFG,2025-08-07,Filiberto,23407 - E,09:15:00,10:45:00,,,HDPE,.50X48X96,120,408,,,,Router,2025-12-23 18:52:40,2025-12-23 18:52:40
25135,Ironworks PO 4242.xlsx,4242,Ironworks,2025-08-07,Filiberto,C83070,13:30:00,15:00:00,,,UHMW,SCRAP,24,,,,,Router,2025-12-23 18:52:48,2025-12-23 18:52:48
25385,IZA PO 5595-7.xlsx,5595-7,IZA,2025-08-07,Filiberto,C83078 - DET 38,11:45:00,12:00:00,,,P-CORR,5MMX48X96,4,2,,,,Router,2025-12-23 18:52:48,2025-12-23 18:52:48
25166,Morrison Industries LLC PO2249.xlsx,2249,Morrison Industries LLC,2025-08-08,Filiberto,C82842,10:00:00,11:00:00,,,HDPE,".50"" SCRAP",14,,,,,Router,2025-12-23 18:52:48,2025-12-23 18:52:48
25700,Morrison Industries LLC PO2245.xlsx,2245,Morrison Industries LLC,2025-08-08,Filiberto,C83068,07:45:00,09:15:00,,,HDPE,.750 SCRAP,20,,,,,Router,2025-12-23 18:52:49,2025-12-23 18:52:49
24025,Richfield PO 62175.xlsx,62175,Richfield,2025-08-11,Filiberto,Det 83,07:45:00,08:00:00,,,HDPE,".125, SCRAP",1,,,,,Router,2025-12-23 18:52:43,2025-12-23 18:52:43
24026,Richfield PO 62175.xlsx,62175,Richfield,2025-08-11,Filiberto,Det 82,08:15:00,08:30:00,,,HDPE,".125, SCRAP",2,,,,,Router,2025-12-23 18:52:43,2025-12-23 18:52:43
24027,Richfield PO 62175.xlsx,62175,Richfield,2025-08-11,Filiberto,Det 81,08:30:00,09:15:00,,,HDPE,.125X48X96,2,1,,,,Router,2025-12-23 18:52:43,2025-12-23 18:52:43
24028,Richfield PO 62175.xlsx,62175,Richfield,2025-08-11,Filiberto,Det 80,09:30:00,09:45:00,,,HDPE,".125, SCRAP",1,,,,,Router,2025-12-23 18:52:43,2025-12-23 18:52:43
25091,Richfield PO 62115.xlsx,62115,Richfield,2025-08-12,Filiberto,C82862,10:00:00,10:15:00,,,P-COOR,4MMX48X96,7,1,,,,Router,2025-12-23 18:52:48,2025-12-23 18:52:48
25386,IZA PO 5595-7.xlsx,5595-7,IZA,2025-08-12,Filiberto,C83078 - DET 38,08:00:00,09:00:00,,,P-CORR,5MMX48X96,28,2,,,,Router,2025-12-23 18:52:48,2025-12-23 18:52:48
22274,Craven Industries Inc PO 1115.xlsx,1115,Craven Industries Inc,2025-08-13,Filiberto,C82858/Die 2989,12:30:00,15:30:00,,,NAT UHMW,.063X48X120,256,,,,,Router,2025-12-23 18:52:39,2025-12-23 18:52:39
22277,Craven Industries Inc PO 1115.xlsx,1115,Craven Industries Inc,2025-08-14,Filiberto,C82858/Die 2989,07:15:00,10:45:00,,,NAT UHMW,.063X48X120,220,,,,,Router,2025-12-23 18:52:39,2025-12-23 18:52:39
25704,Morrison Industries LLC PO2245.xlsx,2245,Morrison Industries LLC,2025-08-14,Filiberto,C83067/Item 26,12:30:00,15:15:00,,,BLACK HDPE,1.625X48X96,30,132,,,,Router,2025-12-23 18:52:49,2025-12-23 18:52:49
25706,Morrison Industries LLC PO2245.xlsx,2245,Morrison Industries LLC,2025-08-15,Filiberto,C83067/Item 26,07:15:00,13:30:00,,,BLACK HDPE,1.625X48X96,92,132,,,,Router,2025-12-23 18:52:49,2025-12-23 18:52:49
25710,Morrison Industries LLC PO2245.xlsx,2245,Morrison Industries LLC,2025-08-18,Filiberto,Counterbore,07:45:00,14:45:00,,,,,142,,,,,Router,2025-12-23 18:52:49,2025-12-23 18:52:49
25172,Morrison Industries LLC PO2249.xlsx,2249,Morrison Industries LLC,2025-08-19,Filiberto,Counterbores,12:30:00,15:15:00,,,,,54,,,,,Router,2025-12-23 18:52:48,2025-12-23 18:52:48
25714,Morrison Industries LLC PO2245.xlsx,2245,Morrison Industries LLC,2025-08-19,Filiberto,Counterbore,07:15:00,11:30:00,,,,,112,,,,,Router,2025-12-23 18:52:49,2025-12-23 18:52:49
20749,Basin SC PO 300484 LH ASY.xlsx,300484,Basin SC,2025-08-20,Filiberto,C82863,10:45:00,11:15:00,,,,SCRAP,7,,,,,Router,2025-12-23 18:52:34,2025-12-23 18:52:34
22023,Basin SC PO 300484 RH ASY.xlsx,300484,Basin SC,2025-08-20,Filiberto,C82864,10:00:00,10:45:00,,,,SCRAP,7,,,,,Router,2025-12-23 18:52:38,2025-12-23 18:52:38
25173,Morrison Industries LLC PO2249.xlsx,2249,Morrison Industries LLC,2025-08-20,Filiberto,Counterbores,07:15:00,09:00:00,,,,,46,,,,,Router,2025-12-23 18:52:48,2025-12-23 18:52:48
25688,Curbell PO 4500577401.xlsx,4500577401,Curbell,2025-08-20,Filiberto,C83099,13:00:00,13:15:00,,,,SCRAP .25,1,,,,,Router,2025-12-23 18:52:49,2025-12-23 18:52:49
25689,Curbell PO 4500577401.xlsx,4500577401,Curbell,2025-08-20,Filiberto,C83100,13:30:00,13:45:00,,,,SCRAP .25,1,,,,,Router,2025-12-23 18:52:49,2025-12-23 18:52:49
21567,WRMG NEW PO ND43875.xlsx,ND43875,WRMG NEW,2025-08-21,Filiberto,C83098 - 372312 LIKE,12:45:00,13:00:00,,,HDPE,"SCRAP , 0.5",14,,,,,Router,2025-12-23 18:52:36,2025-12-23 18:52:36
21568,WRMG NEW PO ND43875.xlsx,ND43875,WRMG NEW,2025-08-21,Filiberto,C82625 - 388015E,13:45:00,14:45:00,,,HDPE,"SCRAP , 0.19",3,,,,,Router,2025-12-23 18:52:36,2025-12-23 18:52:36
23115,Richfield PO 62276.xlsx,62276,Richfield,2025-08-21,Filiberto,C83107 - Det 31,11:00:00,11:30:00,,,HDPE,SCRAP,8,,,,,Router,2025-12-23 18:52:41,2025-12-23 18:52:41
19234,Basin Steeltech PO 200693.xlsx,200693,Basin Steeltech,2025-08-25,Filiberto,C83102 - 4250-047,08:00:00,08:30:00,,,HDPE,SCRAP,6,,,,,Router,2025-12-23 18:52:30,2025-12-23 18:52:30
19235,Basin Steeltech PO 200693.xlsx,200693,Basin Steeltech,2025-08-25,Filiberto,C83103 - 4019-052,08:30:00,09:00:00,,,HDPE,SCRAP,12,,,,,Router,2025-12-23 18:52:30,2025-12-23 18:52:30
19236,Basin Steeltech PO 200693.xlsx,200693,Basin Steeltech,2025-08-25,Filiberto,C83104 - 4063-052,09:00:00,09:30:00,,,HDPE,SCRAP,12,,,,,Router,2025-12-23 18:52:30,2025-12-23 18:52:30
19237,Basin Steeltech PO 200693.xlsx,200693,Basin Steeltech,2025-08-25,Filiberto,C83105 - 4064-047,09:30:00,10:15:00,,,HDPE,SCRAP,20,,,,,Router,2025-12-23 18:52:30,2025-12-23 18:52:30
19238,Basin Steeltech PO 200693.xlsx,200693,Basin Steeltech,2025-08-25,Filiberto,C83101 - 4070-070,10:30:00,11:15:00,,,HDPE,SCRAP,20,,,,,Router,2025-12-23 18:52:30,2025-12-23 18:52:30
21570,WRMG NEW PO ND43875.xlsx,ND43875,WRMG NEW,2025-08-25,Filiberto,C83097 - VS STB ACCNT 27,14:30:00,15:00:00,,,HDPE,"SCRAP , .750",3,,,,,Router,2025-12-23 18:52:36,2025-12-23 18:52:36
21571,WRMG NEW PO ND43875.xlsx,ND43875,WRMG NEW,2025-08-25,Filiberto,C83096 - VS PRT ACCNT 27,15:00:00,15:30:00,,,HDPE,"SCRAP , .750",3,,,,,Router,2025-12-23 18:52:36,2025-12-23 18:52:36
21746,Basin PO 200650.xlsx,200650,Basin,2025-08-26,Filiberto,4038-071C,11:30:00,15:00:00,,,,,1,,,,,Router,2025-12-23 18:52:37,2025-12-23 18:52:37
21747,Basin PO 200650.xlsx,200650,Basin,2025-08-27,Filiberto,4038-071C,09:00:00,11:15:00,,,,,1,,,,,Router,2025-12-23 18:52:37,2025-12-23 18:52:37
21749,Basin PO 200650.xlsx,200650,Basin,2025-08-27,Filiberto,C83127,14:45:00,15:00:00,,,,SCRAP,1,,,,,Router,2025-12-23 18:52:37,2025-12-23 18:52:37
21750,Basin PO 200650.xlsx,200650,Basin,2025-08-28,Filiberto,C83128,07:45:00,08:00:00,,,,SCRAP,1,,,,,Router,2025-12-23 18:52:37,2025-12-23 18:52:37
21752,Basin PO 200650.xlsx,200650,Basin,2025-08-28,Filiberto,4038-072B,11:45:00,15:15:00,,,,,2,,,,,Router,2025-12-23 18:52:37,2025-12-23 18:52:37
19685,Matcon MFG PO1002744.xlsx,1002744,Matcon MFG,2025-09-02,Filiberto,C83115 - 23475-C,07:15:00,07:30:00,,,UHMW,SCRAP,1,,,,,Router,2025-12-23 18:52:31,2025-12-23 18:52:31
19686,Matcon MFG PO1002744.xlsx,1002744,Matcon MFG,2025-09-02,Filiberto,C83116 - 23475-D,07:45:00,08:30:00,,,UHMW,SCRAP,3,,,,,Router,2025-12-23 18:52:31,2025-12-23 18:52:31
19687,Matcon MFG PO1002744.xlsx,1002744,Matcon MFG,2025-09-02,Filiberto,C83118 - 23475-F,09:30:00,10:45:00,,,UHMW,SCRAP,2,,,,,Router,2025-12-23 18:52:31,2025-12-23 18:52:31
19689,Matcon MFG PO1002744.xlsx,1002744,Matcon MFG,2025-09-02,Filiberto,C83119 - 23475-G,11:15:00,12:45:00,,,UHMW,SCRAP,2,,,,,Router,2025-12-23 18:52:31,2025-12-23 18:52:31
19692,Matcon MFG PO1002744.xlsx,1002744,Matcon MFG,2025-09-02,Filiberto,C83117 - 23475-E,13:00:00,14:00:00,,,UHMW,SCRAP,3,,,,,Router,2025-12-23 18:52:31,2025-12-23 18:52:31
19695,Matcon MFG PO1002744.xlsx,1002744,Matcon MFG,2025-09-02,Filiberto,C83114 - 23475-B,14:45:00,15:00:00,,,UHMW,SCRAP,1,,,,,Router,2025-12-23 18:52:31,2025-12-23 18:52:31
19698,Matcon MFG PO1002744.xlsx,1002744,Matcon MFG,2025-09-03,Filiberto,C83113 - 23475-A,07:45:00,08:00:00,,,UHMW,SCRAP,,,,,,Router,2025-12-23 18:52:31,2025-12-23 18:52:31
23610,Basin PO 400687.xlsx,400687,Basin,2025-09-03,Filiberto,C83106,11:00:00,12:00:00,,,HDPE,SCRAP,40,,,,,Router,2025-12-23 18:52:42,2025-12-23 18:52:42
25692,Curbell PO 4500577401.xlsx,4500577401,Curbell,2025-09-03,Filiberto,C83100,09:30:00,09:45:00,,,,SCRAP .25,2,,,,,Router,2025-12-23 18:52:49,2025-12-23 18:52:49
25693,Curbell PO 4500577401.xlsx,4500577401,Curbell,2025-09-03,Filiberto,C83099,09:45:00,10:00:00,,,,SCRAP .25,1,,,,,Router,2025-12-23 18:52:49,2025-12-23 18:52:49
20879,Richfield PO 62281.xlsx,62281,Richfield,2025-09-04,Filiberto,C82628 - S2C2,07:00:00,09:45:00,,,HDPE,"1""X48X96",90,61,,,,Router,2025-12-23 18:52:34,2025-12-23 18:52:34
20880,Richfield PO 62281.xlsx,62281,Richfield,2025-09-04,Filiberto,C82627 - S2B3,09:45:00,15:15:00,,,HDPE,"1""X48X96",130,61,,,,Router,2025-12-23 18:52:34,2025-12-23 18:52:34
20887,Richfield PO 62281.xlsx,62281,Richfield,2025-09-05,Filiberto,C82627 - S2B3,08:00:00,08:30:00,,,HDPE,"1""X48X96",8,,,,,Router,2025-12-23 18:52:34,2025-12-23 18:52:34
23442,Hay's fab PO 250525 - Routers.xlsx,250525,Hay's fab,2025-09-05,Filiberto,64977-53 C83120,11:45:00,12:45:00,,,HDPE,SCRAP,42,,,,,Router,2025-12-23 18:52:42,2025-12-23 18:52:42
23443,Hay's fab PO 250525 - Routers.xlsx,250525,Hay's fab,2025-09-05,Filiberto,61474-55 C83121,13:15:00,14:30:00,,,HDPE,SCRAP,40,,,,,Router,2025-12-23 18:52:42,2025-12-23 18:52:42
19455,IZA PO 5595-8.xlsx,5595-8,IZA,2025-09-08,Filiberto,Detail 38 - C83136,09:00:00,13:45:00,,,P-COOR,5MMX48X96,70,2,,,,Router,2025-12-23 18:52:31,2025-12-23 18:52:31
23444,Hay's fab PO 250525 - Routers.xlsx,250525,Hay's fab,2025-09-08,Filiberto,61474-56 C83122,14:45:00,15:15:00,,,HDPE,SCRAP,14,,,,,Router,2025-12-23 18:52:42,2025-12-23 18:52:42
23445,Hay's fab PO 250525 - Routers.xlsx,250525,Hay's fab,2025-09-08,Filiberto,61474-56 C83122,07:30:00,07:45:00,,,HDPE,SCRAP,6,,,,,Router,2025-12-23 18:52:42,2025-12-23 18:52:42
22001,Precision PO 26628.xlsx,26628,Precision,2025-09-09,Filiberto,Counterbore,08:30:00,14:45:00,,,,,64,,,,,Router,2025-12-23 18:52:38,2025-12-23 18:52:38
22440,TCD PO 9569.xlsx,9569,TCD,2025-09-11,Filiberto,C83112 - 3801_10,12:30:00,15:15:00,,,UHMW,1.5X48X96,10,10,,,,Router,2025-12-23 18:52:39,2025-12-23 18:52:39
22442,TCD PO 9569.xlsx,9569,TCD,2025-09-12,Filiberto,C83110 - 3801_8,07:00:00,09:15:00,,,UHMW,1.5X48X96,10,10,,,,Router,2025-12-23 18:52:39,2025-12-23 18:52:39
24827,Steeltech PO 200725.xlsx,200725,Steeltech,2025-09-12,Filiberto,4162-177B - C83143,13:45:00,14:00:00,,,HDPE BLK,SCRAP,1,,,,,Router,2025-12-23 18:52:47,2025-12-23 18:52:47
20391,Precision MHE PO 26687.xlsx,26687,Precision MHE,2025-09-15,Filiberto,204169-S6 - C83151,14:45:00,15:00:00,,,UHMW,SCRAP,3,,,,,Router,2025-12-23 18:52:33,2025-12-23 18:52:33
21035,Matcon MFG PO1002754.xlsx,1002754,Matcon MFG,2025-09-15,Filiberto,12HD2-4.25 - C83125,11:45:00,13:30:00,,,,.50X48X96,105,,,,,Router,2025-12-23 18:52:35,2025-12-23 18:52:35
24828,Steeltech PO 200725.xlsx,200725,Steeltech,2025-09-15,Filiberto,4162-276B - C83144,07:00:00,07:15:00,,,HDPE BLK,SCRAP,1,,,,,Router,2025-12-23 18:52:47,2025-12-23 18:52:47
21038,Matcon MFG PO1002754.xlsx,1002754,Matcon MFG,2025-09-16,Filiberto,14HD2-38.25 - C83126,14:30:00,15:15:00,,,HDPE,.250X48X96,66,48,,,,Router,2025-12-23 18:52:35,2025-12-23 18:52:35
22248,Ironworks PO 004307.xlsx,004307,Ironworks,2025-09-16,Filiberto,Item 9 - C83131,09:30:00,12:45:00,,,HDPE,SCRAP,2,,,,,Router,2025-12-23 18:52:38,2025-12-23 18:52:38
20395,Precision MHE PO 26687.xlsx,26687,Precision MHE,2025-09-17,Filiberto,204169-S10 - C83151,10:45:00,13:00:00,,,,SCRAP,22,,,,,Router,2025-12-23 18:52:33,2025-12-23 18:52:33
21042,Matcon MFG PO1002754.xlsx,1002754,Matcon MFG,2025-09-17,Filiberto,14HD2-38.25 - C83126,07:15:00,09:30:00,,,HDPE,.250X48X96,134,48,,,,Router,2025-12-23 18:52:35,2025-12-23 18:52:35
25112,Morrison PO 2324.xlsx,2324,Morrison,2025-09-17,Filiberto,24528 DET 36 - C83139,14:45:00,15:30:00,,,BLACK HDPE,.750X48X96,10,24,,,,Router,2025-12-23 18:52:48,2025-12-23 18:52:48
25114,Morrison PO 2324.xlsx,2324,Morrison,2025-09-18,Filiberto,24528 DET 36 - C83139,07:00:00,15:15:00,,,BLACK HDPE,.750X48X96,134,24,,,,Router,2025-12-23 18:52:48,2025-12-23 18:52:48
25120,Morrison PO 2324.xlsx,2324,Morrison,2025-09-19,Filiberto,24528 DET 36 - C83139,07:00:00,09:00:00,,,BLACK HDPE,.750X48X96,48,24,,,,Router,2025-12-23 18:52:48,2025-12-23 18:52:48
25121,Morrison PO 2324.xlsx,2324,Morrison,2025-09-19,Filiberto,24528 DET 37 - C83142,09:45:00,14:00:00,,,BLACK HDPE,.750X48X96,66,22,,,,Router,2025-12-23 18:52:48,2025-12-23 18:52:48
22536,Morrison PO PO2357.xlsx,PO2357,Morrison,2025-09-22,Filiberto,Detail 22 - C82762,08:30:00,15:15:00,,,NAT HDPE,1.00X48X96,187,,,,,Router,2025-12-23 18:52:39,2025-12-23 18:52:39
22538,Morrison PO PO2357.xlsx,PO2357,Morrison,2025-09-23,Filiberto,Detail 22 - C82762,07:00:00,15:15:00,,,NAT HDPE,1.00X48X96,297,396,,,,Router,2025-12-23 18:52:39,2025-12-23 18:52:39
22539,Morrison PO PO2357.xlsx,PO2357,Morrison,2025-09-24,Filiberto,Detail 22 - C82762,07:00:00,15:15:00,,,NAT HDPE,1.00X48X96,330,396,,,,Router,2025-12-23 18:52:39,2025-12-23 18:52:39
22541,Morrison PO PO2357.xlsx,PO2357,Morrison,2025-09-25,Filiberto,Detail 22 - C82762,07:00:00,15:30:00,,,NAT HDPE,1.00X48X96,352,396,,,,Router,2025-12-23 18:52:39,2025-12-23 18:52:39
22543,Morrison PO PO2357.xlsx,PO2357,Morrison,2025-09-26,Filiberto,Detail 22 - C82762,07:00:00,15:15:00,,,NAT HDPE,1.00X48X96,374,396,,,,Router,2025-12-23 18:52:39,2025-12-23 18:52:39
22545,Morrison PO PO2357.xlsx,PO2357,Morrison,2025-09-29,Filiberto,Detail 22 - C82762,07:00:00,14:30:00,,,NAT HDPE,1.00X48X96,262,396,,,,Router,2025-12-23 18:52:39,2025-12-23 18:52:39
19979,VCI PO 300520 .xlsx,300520,VCI,2025-09-30,Filiberto,4247-081,10:45:00,11:00:00,,,HDPE BLK,SCRAP,4,,,,,Router,2025-12-23 18:52:32,2025-12-23 18:52:32
22373,JJJ PO 3102.xlsx,3102,JJJ,2025-09-30,Filiberto,78494-10 - C83179,13:30:00,15:00:00,,,NAT HDPE,SCRAP .375,17,84,,,,Router,2025-12-23 18:52:39,2025-12-23 18:52:39
22378,JJJ PO 3102.xlsx,3102,JJJ,2025-10-01,Filiberto,78494-10 - C83179,07:00:00,07:45:00,,,NAT HDPE,SCRAP .375,16,84,,,,Router,2025-12-23 18:52:39,2025-12-23 18:52:39
24629,Curbell PO 4500580060.xlsx,4500580060,Curbell,2025-10-01,Filiberto,91909 - C82504,09:00:00,10:45:00,,,UHMW,SCRAP,102,,,,,Router,2025-12-23 18:52:46,2025-12-23 18:52:46
20820,Acuity Horseshoe PO 4483.xlsx,4483,Acuity Horseshoe,2025-10-02,Filiberto,P058 - C83164,12:45:00,14:45:00,,,ACRYLIC,.063X48X96,50,75,,,,Router,2025-12-23 18:52:34,2025-12-23 18:52:34
24630,Curbell PO 4500580060.xlsx,4500580060,Curbell,2025-10-02,Filiberto,91910 - C82503,07:30:00,08:30:00,,,UHMW,SCRAP,63,,,,,Router,2025-12-23 18:52:46,2025-12-23 18:52:46
23534,Steeltech PO 200755.xlsx,200755,Steeltech,2025-10-08,Filiberto,3359-76E - W14235,08:45:00,15:00:00,,,,,375,,,,,Router,2025-12-23 18:52:42,2025-12-23 18:52:42
23536,Steeltech PO 200755.xlsx,200755,Steeltech,2025-10-09,Filiberto,3359-77 - C83160,08:45:00,10:00:00,,,,5MM48X96,50,,,,,Router,2025-12-23 18:52:42,2025-12-23 18:52:42
23776,Diamond PO 407068.xlsx,407068,Diamond,2025-10-10,Filiberto,CH2 PART B,09:30:00,15:15:00,,,,,8,,,,,Router,2025-12-23 18:52:43,2025-12-23 18:52:43
23778,Diamond PO 407068.xlsx,407068,Diamond,2025-10-13,Filiberto,CH2 PART A (RH),08:30:00,11:00:00,,,,,4,,,,,Router,2025-12-23 18:52:43,2025-12-23 18:52:43
23779,Diamond PO 407068.xlsx,407068,Diamond,2025-10-13,Filiberto,CH2 PART A (LH),13:00:00,15:15:00,,,,,4,,,,,Router,2025-12-23 18:52:43,2025-12-23 18:52:43
22069,VCI PO MI101074.xlsx,MI101074,VCI,2025-10-14,Filiberto,4062-43 - C83202,13:45:00,14:45:00,,,HDPE BLK,SCRAP,12,,,,,Router,2025-12-23 18:52:38,2025-12-23 18:52:38
20209,Basin SC PO 300529.xlsx,300529,Basin SC,2025-10-15,Filiberto,,09:00:00,15:30:00,,,,,250,,,,,Router,2025-12-23 18:52:33,2025-12-23 18:52:33
20855,Basin SC PO 300607.xlsx,300607,Basin SC,2025-10-24,Filiberto,3850-033 - C82784,07:30:00,08:00:00,,,UHMW BLK,.750X48X96,3,6,,,,Router,2025-12-23 18:52:34,2025-12-23 18:52:34
24425,Stephen Gould PO 84031.xlsx,84031,Stephen Gould,2025-10-24,Filiberto,Rev 18 Item 2,11:45:00,15:15:00,,,,,23,,,,,Router,2025-12-23 18:52:46,2025-12-23 18:52:46
22506,Lamar PO #2025392 LH.xlsx,2025392,Lamar,2025-10-27,Filiberto,LH Part A - C83153,,,,,,,1,,,,,Router,2025-12-23 18:52:39,2025-12-23 18:52:39
24426,Stephen Gould PO 84031.xlsx,84031,Stephen Gould,2025-10-27,Filiberto,Rev 18 Item 2,07:30:00,08:15:00,,,,,7,,,,,Router,2025-12-23 18:52:46,2025-12-23 18:52:46
19510,COF PO 092524 10312025 Release.xlsx,092524,COF,2025-10-28,Filiberto,Det 11 - C83183,13:00:00,15:00:00,,,,,30,,,,,Router,2025-12-23 18:52:31,2025-12-23 18:52:31
19512,COF PO 092524 10312025 Release.xlsx,092524,COF,2025-10-29,Filiberto,Det 9 - C83181,08:00:00,10:00:00,,,NAT HDPE,0.25X48X96,50,5,,,,Router,2025-12-23 18:52:31,2025-12-23 18:52:31
24549,Ironworks PO 4279.xlsx,4279,Ironworks,2025-10-30,"F,H","DET 59 ,56",12:30:00,01:40:00,,,P-CORR,6MMX48X96,,,,,,,2025-12-23 18:52:46,2025-12-23 18:52:46
24551,Ironworks PO 4279.xlsx,4279,Ironworks,2025-10-30,"F,H",DET 54,01:50:00,02:50:00,,,P-CORR,6MMX48X96,,1,,,,,2025-12-23 18:52:46,2025-12-23 18:52:46
19833,Hays Fab PO 250752.xlsx,250752,Hays Fab,2025-10-31,Filiberto,Item 47 - C83231,10:00:00,15:15:00,,,HDPE,.750X48X96,30,15,,,,Router,2025-12-23 18:52:32,2025-12-23 18:52:32
24556,Ironworks PO 4279.xlsx,4279,Ironworks,2025-10-31,"F,H",DET 55,07:30:00,08:15:00,,,P-CORR,6MMX48X96,,3,,,,,2025-12-23 18:52:46,2025-12-23 18:52:46
19522,COF PO 092524 10312025 Release.xlsx,092524,COF,2025-11-03,Filiberto,Det 9 - C83181,08:45:00,09:30:00,,,NAT HDPE,.25X48X96,15,,,,,Router,2025-12-23 18:52:31,2025-12-23 18:52:31
19840,Hays Fab PO 250752.xlsx,250752,Hays Fab,2025-11-05,Filiberto,Item 47 - C83231,11:45:00,13:15:00,,,HDPE,SCRAP,5,,,,,Router,2025-12-23 18:52:32,2025-12-23 18:52:32
22198,Steeltech PO 400812.xlsx,400812,Steeltech,2025-11-05,Filiberto,614-8037_005,07:30:00,10:00:00,,,UHMW,1.50X48X96,18,17,,,,Router,2025-12-23 18:52:38,2025-12-23 18:52:38
22094,VCI PO MI101189.xlsx,MI101189,VCI,2025-11-11,Filiberto,3731-50E,08:00:00,15:30:00,,,HDPE BLK,,64,,,,,Router,2025-12-23 18:52:38,2025-12-23 18:52:38
22102,VCI PO MI101189.xlsx,MI101189,VCI,2025-11-12,Filiberto,3731-50E,08:00:00,15:30:00,,,HDPE BLK,1.25X48X96,120,,,,,Router,2025-12-23 18:52:38,2025-12-23 18:52:38
21712,IronWorks PO 004330.xlsx,004330,IronWorks,2025-11-13,Filiberto,Det 57 - P530,08:00:00,11:00:00,,,2 # CHAR XLPE,,55,10,,,,Router,2025-12-23 18:52:37,2025-12-23 18:52:37
20996,JJJ  PO 3116.xlsx,3116,JJJ,2025-11-20,Filiberto, RH C83176,08:45:00,11:00:00,,,HDPE,.50X48X96,28,21,,,,Router,2025-12-23 18:52:35,2025-12-23 18:52:35
20997,JJJ  PO 3116.xlsx,3116,JJJ,2025-11-20,Filiberto,LH C83175,11:45:00,14:30:00,,,HDPE,.50X48X96,28,21,,,,Router,2025-12-23 18:52:35,2025-12-23 18:52:35
23198,Precision MHE PO 26752.xlsx,26752,Precision MHE,2025-11-21,Filiberto,204169-S6 - C83151,09:15:00,,,,NA HDPE,2x48X96,,9,,,,Router,2025-12-23 18:52:41,2025-12-23 18:52:41
23551,Thermoflex PO 35894-1.xlsx,35894-1,Thermoflex,2025-11-21,Filiberto,SB43DIV_BG_P3_A.dwg,07:00:00,07:30:00,,,BLACK P-COOR,3MMX48X96,50,5,,,,Router,2025-12-23 18:52:42,2025-12-23 18:52:42
23203,Precision MHE PO 26752.xlsx,26752,Precision MHE,2025-11-22,Filiberto,204169-S6 - C83151,07:00:00,14:15:00,,,NA HDPE,SCRAP,190,,,,,Router,2025-12-23 18:52:41,2025-12-23 18:52:41
22461,Ranly PO# 25M145 RH.xlsx,25M145,Ranly,2025-11-25,Filiberto,C83250 - item 61,13:30:00,13:45:00,,,UHMW,SCRAP,2,,,,,Router,2025-12-23 18:52:39,2025-12-23 18:52:39
22462,Ranly PO# 25M145 RH.xlsx,25M145,Ranly,2025-11-25,Filiberto,item 61,14:30:00,14:45:00,,,UHMW,SCRAP,2,,,,,Router,2025-12-23 18:52:39,2025-12-23 18:52:39
22131,VCI PO MI101189.xlsx,MI101189,VCI,2025-11-26,Filiberto,3731-50E,09:45:00,15:00:00,,,HDPE BLK,,80,,,,,Router,2025-12-23 18:52:38,2025-12-23 18:52:38
25274,Ranly PO# 25M145 LH.xlsx,25M145,Ranly,2025-11-26,Filiberto,C83248 - item 61,08:15:00,08:45:00,,,HDPE,SCRAP,1,,,,,Router,2025-12-23 18:52:48,2025-12-23 18:52:48
22135,VCI PO MI101189.xlsx,MI101189,VCI,2025-12-01,Filiberto,3731-50E,07:30:00,08:45:00,,,HDPE BLK,1.25X48X96,30,,,,,Router,2025-12-23 18:52:38,2025-12-23 18:52:38
23209,Precision MHE PO 26752.xlsx,26752,Precision MHE,2025-12-01,Filiberto,204169-S11 - C83152,11:00:00,15:15:00,,,,,9,,,,,Router,2025-12-23 18:52:41,2025-12-23 18:52:41
23213,Precision MHE PO 26752.xlsx,26752,Precision MHE,2025-12-02,Filiberto,204169-S11 - C83152,08:15:00,11:00:00,,,NA HDPE,2x48X96,7,,,,,Router,2025-12-23 18:52:41,2025-12-23 18:52:41
23214,Precision MHE PO 26752.xlsx,26752,Precision MHE,2025-12-02,Filiberto,204169-S6 - C83151,11:30:00,15:15:00,,,,,61,,,,,Router,2025-12-23 18:52:41,2025-12-23 18:52:41
23219,Precision MHE PO 26752.xlsx,26752,Precision MHE,2025-12-03,Filiberto,204169-S6 - C83151,07:15:00,11:45:00,,,NA HDPE,2x48X96,82,,,,,Router,2025-12-23 18:52:41,2025-12-23 18:52:41
23588,Diamond PO 407072.xlsx,407072,Diamond,2025-12-05,Filiberto,Item 34 - W13916,10:45:00,13:00:00,,,,,14,,,,,Router,2025-12-23 18:52:42,2025-12-23 18:52:42
19370,Diamond PO #407026.xlsx,407026,Diamond,2025-12-06,Filiberto,RH Flipper - C83130 - item 44,07:00:00,13:45:00,,,NAT HDPE,1.00X48X96,344,272,,,,Router,2025-12-23 18:52:31,2025-12-23 18:52:31
23233,Precision MHE PO 26752.xlsx,26752,Precision MHE,2025-12-08,Filiberto,204169-S11 - C83152,07:30:00,15:15:00,,,,,13,,,,,Router,2025-12-23 18:52:41,2025-12-23 18:52:41
23248,Precision MHE PO 26752.xlsx,26752,Precision MHE,2025-12-15,Filiberto,204169-S11 - C83152,13:00:00,,,,,,6,,,,,Router,2025-12-23 18:52:41,2025-12-23 18:52:41
23249,Precision MHE PO 26752.xlsx,26752,Precision MHE,2025-12-16,Filiberto,204169-S11 - C83152,07:15:00,15:00:00,,,,,15,,,,,Router,2025-12-23 18:52:41,2025-12-23 18:52:41
23250,Precision MHE PO 26752.xlsx,26752,Precision MHE,2025-12-16,Filiberto,204169-S11 - C83152,07:15:00,12:45:00,,,,,11,,,,,Router,2025-12-23 18:52:41,2025-12-23 18:52:41
19401,Steeltech PO 201004.xlsx,201004,Steeltech,2025-12-17,Filiberto,3363-75B - W14458,07:15:00,11:30:00,,,,,22,,,,,Router,2025-12-23 18:52:31,2025-12-23 18:52:31
23255,Precision MHE PO 26752.xlsx,26752,Precision MHE,2025-12-17,Filiberto,204169-S6 - C83151,13:00:00,15:15:00,,,,,51,,,,,Router,2025-12-23 18:52:41,2025-12-23 18:52:41
